score,treat,outcome,age,female,education
54.96714153011233,1,57.12771746120184,29.84693087671056,0,14.251999687529953
48.61735698828815,0,48.026330242773504,33.774718483690265,0,16.93054223305592
56.47688538100692,1,52.69646461257117,28.984484901050656,1,15.294952208602096
65.23029856408026,1,56.14702211472809,33.297822691091696,0,12.973571425740403
47.658466252766644,0,46.676954183732015,19.734005977008046,1,14.29616675094515
47.6586304305082,0,45.45807687155052,36.58928118050891,1,13.05150967228463
65.79212815507391,1,62.77075007431066,35.799250210651486,1,14.035543024838297
57.67434729152909,1,55.76681691600242,28.84700831603093,1,13.03945931545932
45.30525614065048,0,47.071245130651576,40.03922815449176,0,13.19526710809953
55.42560043585965,1,49.66623077258355,42.77184112280545,1,14.338745391402632
45.365823071875376,0,48.16724375648661,21.90781223864198,1,11.123919712482628
45.34270246429743,0,43.67865385427893,28.665336894685158,0,11.067156981811003
52.41962271566034,1,58.36940058919262,28.967842337484633,1,10.277036069735178
30.86719755342202,0,36.33748879895054,26.524135068800184,0,9.316666189809165
32.75082167486967,0,46.294607579017296,40.773339819197474,1,10.311809702946196
44.377124707590276,0,43.29637275318564,33.168247125197084,0,13.986198761162127
39.87168879665576,0,38.35599926218797,32.3774657093479,0,11.265464987203405
53.142473325952736,1,48.534444712802326,19.12622475104361,1,15.046885627096794
40.91975924478789,0,40.00299811134281,39.62933220391321,1,13.605179556777163
35.87696298664709,0,41.62974702373658,24.379780990504575,1,8.496278726137806
64.65648768921554,1,60.36771211059103,36.21228542659141,0,15.630568714338533
47.74223699513465,0,41.62729341967439,37.10612735342227,1,15.681841353881968
50.67528204687924,1,49.04478271282406,45.91903286905317,1,11.22884895385045
35.75251813786543,0,48.475247897498704,23.817062713940373,1,14.465529219994787
44.556172754748175,0,49.484611608538394,10.571711391170808,1,11.449877861571965
51.10922589709866,1,51.1122114481534,36.526257652884496,1,13.966360459812812
38.49006422577697,0,40.721832240828675,48.82859266337568,0,10.308555267128124
53.75698018345672,1,51.299764399590266,45.09941983268833,1,9.292373472332692
43.99361310081195,0,44.81164527715502,36.3769559772376,1,12.622829287983816
47.083062502067236,0,39.53544623390845,30.92106364004698,0,13.332338884354252
43.98293387770603,0,41.32401163636021,41.15612746698379,0,12.58545944351761
68.52278184508938,1,54.81798909984206,28.137769494618716,1,11.110379241345388
49.86502775262066,0,46.52958854180708,38.804113542480785,1,12.69755289972457
39.422890710441,0,43.41898152326422,38.51490580885506,1,14.161694695660655
58.22544912103189,1,51.65655884374529,43.89295171604263,0,13.752276407114296
37.791563500289776,0,46.682188020979595,56.46685848630311,1,13.91208384650383
52.08863595004755,1,44.984879324332724,38.243759534932515,0,12.066484717865368
30.403298761202244,0,33.184456854188824,29.948455932400122,0,16.237360762014443
36.71813951101569,0,41.02095521023616,34.13131247801483,0,10.493929448833361
51.96861235869123,1,54.01145373598215,20.945823378821615,1,14.95827298989062
57.38466579995411,1,59.77337655557864,29.811528241285245,1,16.802421048398983
51.7136828118997,1,47.850671442272095,31.81142463569015,1,14.936543888110233
48.843517176117594,0,48.749856447003324,30.74946867532914,1,13.170559775860276
46.98896304410711,0,43.43111107954825,36.068287128475134,0,12.319036644224694
35.214780096325725,0,39.10290812439965,27.68137954575868,0,15.994514729542153
42.801557916052914,0,45.453594392332555,43.60832323439842,0,9.998593845166877
45.393612290402125,0,45.51828573616609,34.771337133865686,0,11.182561594858932
60.57122226218916,1,48.89754990432362,35.45415854400045,1,12.917530031514477
53.43618289568462,1,56.54232637567185,32.54865141268089,1,16.862858051693685
32.36959844637266,0,44.813475229197586,35.36000539319047,1,14.296811059029693
53.24083969394795,1,48.02319946015454,41.76282810203847,0,11.344702397603346
46.149177195836835,0,44.806091094358685,27.870417134104642,0,12.847214280454477
43.23077999694041,0,44.04973413809938,29.396607087244966,0,12.028807739698072
56.11676288840868,1,53.2752243898301,32.876029914207116,1,12.047862777184337
60.30999522495951,1,52.81673701248495,24.748532373462254,1,16.353423800891136
59.31280119116199,1,51.63718978408986,28.911577181786114,0,10.456898200664476
41.607824767773614,0,41.40598215120497,30.770624250031407,1,17.554108634691403
46.907876241487855,0,48.24046649116094,41.84050725777621,0,15.708731750291314
53.31263431403564,1,52.740453236380816,37.266122347717186,0,16.493406862789957
59.75545127122359,1,53.14695660231955,37.036491854501534,0,12.737760245361326
45.2082576215471,0,45.92053160358154,41.56759657842113,1,13.229313354733167
48.14341023336183,0,32.71200388977647,33.80819620447292,1,10.079988668355455
38.93665025993972,0,45.28736500616719,37.5705513124281,1,12.167076987531786
38.037933759193294,0,33.491022051978725,33.57612266449969,1,14.694895794291742
58.125258223941984,1,52.073063558415825,37.52916170639412,1,17.10266281893233
63.56240028570823,1,52.941907579447324,31.016050753392754,0,11.203355963708034
49.27989878419666,0,39.46640894682472,15.4534576729984,0,12.771833133220769
60.03532897892024,1,59.46804991612576,34.427533151455584,1,13.522458528997099
53.61636025047634,1,48.868155934602854,46.56280310132334,1,10.282854199528312
43.54880245394876,0,43.576596251679014,42.08716334063018,1,15.049349153474974
53.61395605508414,1,50.54990249570612,42.90387767948358,1,11.96230329174516
65.38036566465969,1,60.763902621008754,45.65806405768272,0,13.519131435350632
49.64173960890049,0,45.12944087376957,35.691347708136526,1,12.562961362398315
65.64643655814007,1,53.93935915199477,37.36084748715177,1,12.039582466863614
23.802548959102555,0,42.74940616774202,28.748912284480326,1,13.158438515480665
58.21902504375224,1,51.61000991592913,32.88236840397122,0,13.325356554454988
50.870470682381715,1,43.016484938640716,39.96969273228822,0,12.78776470795097
47.00992649534132,0,41.881907999439626,44.481571822117594,1,11.819044475705969
50.91760776535502,1,55.270263085325155,33.93031018281976,0,14.517163832264488
30.124310853991073,0,42.41347258573728,30.40470142388826,0,17.436529388310532
47.80328112162488,0,42.5552877614871,34.89438772693403,0,14.005783704530314
53.57112571511746,1,49.31606142901674,39.9882102771888,1,16.26171805158017
64.77894044741517,1,57.08710082632049,24.188108493302423,0,10.520023996064646
44.81729781726352,0,50.98424486202454,16.371417265765274,0,13.990749554579693
41.91506397106812,0,43.138935700379484,30.191458402620736,0,10.794880481993694
44.982429564154636,0,44.46314150162829,24.983422070894463,0,9.907336272453339
59.15402117702074,1,58.33610544173118,31.392579477672548,0,12.034651904892824
53.287511096596845,1,51.506989476506945,33.98213300429008,1,16.745498557965867
44.70239796232961,0,41.595676271377286,31.10913262593237,0,15.969087530920705
55.13267433113356,1,50.84438122712164,46.87637399232264,0,14.41016529175867
50.9707754934804,1,49.00840675967136,37.66249689149258,0,9.88766411014478
59.68644990532889,1,54.432609124309536,37.888117372153076,1,13.403027369636735
42.979469061226474,0,44.89313125178391,39.626630605408536,0,14.313839403478868
46.723378534022316,0,43.67683529255341,25.72550398445496,0,14.07330814462694
46.078918468678424,0,46.12376834695424,43.11684022279607,1,9.012094410671704
35.364850518678814,0,39.50143494231124,33.662128233650265,0,11.181502390323896
52.96120277064576,1,50.682829365076046,40.511905076461986,0,13.599029645041123
52.610552721798896,1,42.18062347790393,26.5556697717687,0,15.092938328228952
50.05113456642461,1,52.49090412946106,22.57248660019272,1,8.210703138578626
47.654128666248525,0,45.2680493598614,41.425823697512655,1,13.247772634625322
35.84629257949586,0,43.91846106663888,37.303590837754925,0,13.774547776287296
45.79354677234641,0,31.488694360962825,27.57326490375724,1,15.73990090673746
46.572854834732304,0,51.757379476327245,27.87133809153906,0,15.363601057288237
41.977227307783814,0,41.07390395798091,43.60233964070734,1,14.995972843177688
48.387142883339905,0,48.65231578940763,25.40406200122837,0,11.667891590911962
54.040508568145384,1,46.82388767046313,48.34340905445497,1,9.010804828554637
68.8618590121053,1,64.2397223802283,28.738127073422312,0,13.094605287588603
51.74577812831839,1,45.489704224197716,40.19442431128299,1,16.238995125587767
52.57550390722764,1,47.65900831459204,32.49982738936951,1,17.23514639695563
49.25554084233833,0,52.28943803101057,39.788276490775665,1,15.461483572591229
30.812287847009586,0,38.32509729711157,29.687702375436935,1,14.389597813944526
49.73486124550783,0,45.737865101064145,33.68439981369704,0,14.643796345875069
50.60230209941027,1,52.58504965064969,35.35746850813628,0,12.321749175086254
74.63242112485287,1,69.16649981903784,28.214121409990863,1,13.867497688613007
48.076390352188774,0,44.67687353744022,40.830414280970444,0,17.834201621609605
53.015473423336125,1,51.85851152120142,31.045065139394122,1,11.403914453987031
49.65288230294757,0,54.441308399382955,33.15384479242723,0,17.73000462283358
38.31321962380468,0,40.29194297938224,26.460865984322137,0,12.661194006245948
61.42822814515021,1,56.624554244811,15.072742136895023,0,17.2421448356407
57.51933032686774,1,57.32768603310984,33.84774441554204,1,10.333349082793507
57.910319470430466,1,57.802995008289884,54.69643934642485,0,15.322966892320233
40.90612545205261,0,46.02816949120588,40.82214057578682,1,11.676197169171996
64.02794310936099,1,60.336724321591916,35.5473141175929,0,10.44239088237675
35.98148937207719,0,35.38391143736851,32.19594783493772,1,13.965964893468907
55.868570938002705,1,58.61241284674943,35.473155689396506,0,16.341050890249974
71.90455625809979,1,59.96499240561772,40.47218073430667,0,12.025737528678254
40.09463674869312,0,42.2390224467061,25.058229314963896,0,9.75435283382786
44.33702270397228,0,39.47210107046196,43.631424692549594,1,13.357128543242057
50.99651365087641,1,49.05163383363006,40.772876206073775,0,13.501341951074576
44.96524345883801,0,44.051159104920664,40.49374797860538,1,14.970103938063007
34.493365689338674,0,40.93666878291622,37.73247419494476,0,15.763853742197995
50.68562974806027,1,50.835198772485526,35.191214748954934,1,13.56517464177997
39.37696286273895,0,47.27181568780034,39.8517380308715,1,18.126297544240437
54.73592430635182,1,53.20638914958676,39.971309285248616,0,14.355305347465265
40.805757657661964,0,40.2715932101648,31.70796219535491,1,12.65004888813599
65.4993440501754,1,62.80831735809819,31.18615301933356,1,9.981068483246439
42.16746707663763,0,46.45510121397293,35.423223715927776,1,12.886700540742332
46.77938483794325,0,38.582984778644345,47.23113045385866,1,12.794620333231025
58.135172173696695,1,55.91899662920467,25.493902003453627,0,16.263465434177608
37.69135683566045,0,43.16539635254425,22.644365715763506,0,14.610036196880344
52.27459934604129,1,48.79878368143079,36.4318166971942,1,10.797069182839282
63.07142754282428,1,62.54716320473167,36.06067299198936,1,14.39206451688408
33.92516765438772,0,38.94636382845918,35.58299169768265,1,15.057331282410386
51.84633858532304,1,50.25956476826421,37.04394251253416,1,17.557005170176044
52.598827942484235,1,49.474665740853006,33.34432336004577,0,15.970736477384833
57.8182287177731,1,53.382677552046545,47.30981894470531,0,15.758481210134157
37.63049289121918,0,35.96019315917057,21.574292816748837,1,13.602824844362292
36.795433869157236,0,34.38111907123944,27.711795495215895,1,14.406688690941769
55.21941565616898,1,58.06015107890299,34.43493270161607,1,16.928150564888774
52.96984673233186,1,46.98527786902804,22.002981847383253,0,10.427453440947513
52.504928503458764,1,46.14964152197855,33.71841118971637,0,12.876500252026785
53.46448209496976,1,42.03870695493367,48.464985430572625,1,11.837867770008792
43.19975278421509,0,39.50646302330745,34.82707954557845,1,14.511877852499612
52.322536971610035,1,44.72285109201997,36.96173409432997,0,16.82200617855917
52.93072473298681,1,56.919314481644285,25.0652181152687,0,12.26617877785705
42.85648581973632,0,45.97780921567498,29.711933026670998,1,7.581368797721131
68.65774511144757,1,58.85738570145035,32.93131621298089,1,13.042603039667775
54.73832920911788,1,60.403425462875965,32.695195686406024,1,16.078450914225872
38.08696502797351,0,44.3897484844004,44.65749861142882,0,14.80581405793417
56.5655360863383,1,51.21450515014476,39.78980529011791,1,14.901776341253207
40.253183297726785,0,31.078973147646224,25.62099550939008,1,12.805080411268337
57.87084603742452,1,62.518695482523626,37.36558052932727,0,10.659840080199023
61.58595579007404,1,50.37703174367813,39.56507177747798,1,15.219954919862648
41.7931768164829,0,34.988512888069025,43.71085114899427,0,11.450159011243095
59.63376129244322,1,58.635255940657935,48.12601355716915,1,19.352917059300005
54.12780926936498,1,60.79330235368214,27.085636928845297,1,15.20882420627359
58.2206015999449,1,59.123174980664686,28.92416999031454,0,12.41279127561402
68.96792982653947,1,64.13742501252443,25.887773620010044,1,12.550895478059218
47.54611883997129,0,46.21229211412223,33.005147069142716,0,13.418561860265454
42.4626383564251,0,45.213099618794125,38.353998913391926,0,12.950497962074127
41.10485570374477,0,44.37937813153146,42.453918917900054,1,16.31418155289978
41.841897150345616,0,42.7112606921057,33.9844866683771,0,14.002878367367028
49.228982905858956,0,45.03724054233156,32.40266895925419,1,11.855500310845859
53.411519748166434,1,50.37177203240642,36.38463992539824,0,18.494332107852784
52.766907993300194,1,47.24415343961727,28.45720218662483,1,13.87860898866656
58.27183249036024,1,52.49744806519881,52.1299013980762,0,15.787535839729447
50.13001891877907,1,42.0933512518004,22.145212728994483,1,12.182034109763682
64.53534077157317,1,57.78707319206516,37.204691669744456,1,14.898495884792771
47.35343166762044,0,39.792394644586096,51.05652133721814,0,14.424843611210395
77.20169166589619,1,65.38580885894987,36.41448333977479,0,9.519910603077541
56.25667347765006,1,53.03937297349823,33.792521393870544,1,18.8633212457046
41.42842443583717,0,47.01694043981852,31.71185783930844,1,16.755179641023112
39.29107501938888,0,44.46561467610726,33.02142029687018,0,12.492833210022807
54.824724152431855,1,45.16313929319381,46.22402400503383,0,11.040820131908998
47.76537214674149,0,39.97410914351499,17.19337331670102,1,14.524211477443709
57.14000494092092,1,56.64288392797707,47.62446985741665,1,14.059544347354409
54.73237624573545,1,47.46019239802649,23.84496159268561,1,14.683819896322781
49.271710873431275,0,43.74262688724632,32.83036690979625,0,14.164377707953848
41.532062819315954,0,43.683299406716294,31.142647778576507,1,14.796243729651133
34.851527753141355,0,35.8471481712546,38.951002545822824,1,17.015294803542343
45.53485047932979,0,43.38830286666815,21.99174770889651,0,15.030955022408211
58.56398794323472,1,48.47931088686324,39.12558072581728,1,11.24714101158984
52.14093744130204,1,47.510834276121855,51.30152385835993,1,17.14922588060717
37.54261221288012,0,41.602298947797046,23.471738573901526,1,17.55238865297832
51.73180925851182,1,43.3239213282079,36.60423980380876,1,21.614778021450448
53.85317379728837,1,52.63695533360688,29.896801267491544,1,10.968328392846772
41.16142563798867,0,41.283365590815656,37.96516893144371,0,14.130433545635459
51.53725105945528,1,51.802216755594195,35.23004477229878,1,8.525498263216635
50.58208718446,1,49.99008838339177,29.89720908686852,0,15.094514634637221
38.57029702169377,0,46.04809133246528,38.331493130053275,0,12.100905195016944
53.577873603482836,1,51.21784660755803,49.61367855846809,0,18.580171959132038
55.60784526368234,1,50.20077975235421,33.75316192936573,1,11.875619480227192
60.83051243175277,1,55.87744622334903,41.299589158773095,1,9.6936526537169
60.53802052034903,1,57.35270114119303,25.18071736304814,1,12.73260105865068
36.22330632042909,0,40.20506632892465,26.65967430147738,1,8.485746698365737
40.62174960084877,0,41.352757370731716,38.31033770308546,1,15.39018362828525
55.1503526720866,1,48.83247091128497,47.13044586189205,0,8.64029943780093
55.13785950912209,1,48.98130208771201,38.10179976574138,1,13.873901143140337
55.150476863060476,1,46.030091463500675,32.75305959896779,1,8.608479987620717
88.5273149065472,1,89.9055043651039,36.92069698871419,1,13.669801786789337
55.70890510693167,1,47.0049155871002,25.28218338358884,0,17.922623491649965
61.35565640180599,1,52.99571673287814,40.403905430933236,1,14.828732856625606
59.54001763493202,1,51.606499119937354,42.53566538033387,0,11.732066340286305
56.51391251305798,1,56.06096432658449,31.708972962988256,1,13.75226952791345
46.84730755359654,0,42.34324976024626,31.082028195603815,0,13.681988331183046
57.589692204932675,1,58.16184867081743,37.50651044746302,0,15.033369708707166
42.27174785462428,0,39.03917024256171,31.119829504406447,1,10.12828904889042
47.63181393259991,0,44.98796666769344,34.35252977962342,1,15.134054463270324
45.14636452170897,0,39.4673718213767,51.55509253941757,1,6.841948211427241
50.81874139386323,1,57.79667058272542,33.06473146372519,1,12.141663446967737
73.14658566673509,1,60.98054343752456,33.29060806716698,0,12.94224710720584
31.32734807408252,0,40.38963617741407,28.886032958622852,0,14.909864026659747
56.86260190374514,1,55.23736152449383,41.296665867186746,0,13.893829169767075
33.87284128810348,0,41.19246951504473,32.74384867866035,0,9.863549191121352
45.280681342105666,0,42.121909721489494,29.56904976053388,1,11.143130812299574
60.889505969673664,1,54.91128358853871,46.11490755666778,1,14.41449014326199
50.64280019095463,1,49.30077790424866,46.38896404565683,0,13.515187649157701
39.22255222070694,0,40.18480191019341,29.657739085125705,1,12.036640770324771
42.84696290740032,0,45.790657317360875,19.710028534485083,0,12.354854784368058
56.79597748934676,1,61.50193385139587,43.39990839316272,1,15.576339542685158
42.69633368282863,0,39.651635118108814,29.1577780780614,1,12.259695241483534
52.16458589581975,1,44.449935350597386,41.43323408809314,0,13.52306360784371
50.45571839903814,1,48.67680779870627,19.26195537825722,1,19.133955838182118
43.48399652394183,0,52.48541862558822,41.81497853259157,0,10.010473338269028
71.43944089325326,1,60.90151843290071,26.382596610416414,0,9.499181988928418
56.33919022318011,1,58.92791566022295,41.1630724636912,0,15.78575796646012
29.74857413342393,0,45.68629281931199,34.10161324936267,0,11.59836382943322
51.86454314769428,1,47.55268381851129,27.461711802211557,0,12.941697043597333
43.38213535231612,0,44.404961317849796,31.412816264201563,0,11.614751761718535
58.52433334796224,1,60.302395756767076,40.916764323051716,1,13.220986315040463
42.07479261567299,0,40.14897446473246,35.450895255705525,1,17.537841132554313
48.85263558533101,0,43.62516080325654,39.61793562304642,0,15.682373858251918
55.049872789804574,1,49.25322489103979,51.064018315614106,1,15.956556235513535
58.657551941701215,1,49.819281104311685,22.918944703396647,1,10.33258339935241
37.99703592944224,0,37.8421192492481,47.337552396221106,1,10.582056377206673
46.654987641590516,0,38.54362383052535,35.66759688226523,0,6.535403104118242
45.25054688839044,0,42.9871803658259,27.5722549578345,0,11.581558885060923
43.46670767426288,0,39.08029999903223,24.030826377801226,1,15.961092119449402
67.65454240281097,1,61.67924352309498,34.36976399392428,0,15.345457137427145
54.049817109609556,1,44.765336156203134,42.57569175087615,0,13.227213184811882
37.39116045664955,0,41.60892950348217,33.34916505981221,0,13.392072499837857
59.17861947054776,1,57.56589613556076,47.54817041550616,0,12.16135853297244
71.22156197012633,1,55.939385339296464,24.45167257809384,0,14.636328445406987
60.32465260551147,1,56.52453709639096,35.41952104750714,1,15.821188750811766
34.80630034045986,0,44.62231123356621,24.22116746171804,0,9.356409038283015
45.15765927133749,0,37.97474819822855,37.66693802456661,1,14.352272405020118
62.669111491866225,1,63.429909153217295,42.72855469537171,0,16.28446940722399
42.923305343812196,0,43.638524781939445,31.280070917742187,0,12.52071538446782
54.43819428146229,1,48.39602540249755,14.38819886105604,1,15.540515415930706
57.74634053429337,1,53.050151873248225,36.978902201086626,1,20.891562921867248
40.73069528421917,0,43.457855391336444,38.03044317807903,0,13.253756923217153
49.404746439382,0,45.00993805335493,38.20459536166268,1,14.67136255380095
17.587326599309275,0,41.45450123923855,43.2656238645427,0,11.206603822832706
39.756123586657104,0,37.24473746072952,25.919376742140464,1,13.948250378238267
47.4743184860684,0,44.47839321027667,40.31544476790701,1,14.800165432177128
37.52216818035151,0,34.66318897175016,43.91616850884137,0,13.937549214282374
66.32411303931636,1,59.18191893946716,21.587504979913682,0,11.477243961514185
35.69858622039367,0,36.27896690529282,36.8421439183715,0,13.9298761527215
45.599555133030165,0,40.05129694642843,30.746539108590135,1,17.267480949454693
51.30740577286091,1,54.41516868582129,34.41318890382988,0,14.847737526743536
64.41273289066116,1,62.44887562148311,38.50204851283975,0,16.393222630492826
35.6413784882056,0,42.318941844921156,30.384240411501864,0,12.820297644732543
61.63163752154959,1,51.59951761641168,30.175917242784585,0,15.807383348990268
50.10233061019587,1,47.58563622185656,35.27833587041399,0,14.400216207745231
40.18491348952049,0,45.908206776758945,25.811278163573608,1,11.126421445572328
54.62103474263271,1,51.89092464680215,26.544450706050153,1,14.58872320684984
51.9905969557347,1,59.11224140019593,40.53451611143876,0,11.260570280513917
43.99783122841205,0,43.93244727140977,25.50953928015135,1,11.99775593735626
50.69802084990019,1,49.92207922197917,40.36540104976871,0,14.187281185228938
46.1468640313824,0,41.98543272680774,38.50807354440073,1,14.366047964077957
51.13517345251248,1,49.91463653305825,21.250304842300853,0,10.749622306357425
56.62130674521046,1,51.93919105722475,29.910548118575285,0,16.4673905628614
65.86016816145352,1,62.077968128576956,45.34588363245165,1,15.447219058980252
37.62184501173151,0,44.16991898218005,26.531768001469125,1,11.690615811207419
71.33033374656267,1,60.87104040864705,32.35128258885303,1,10.282644683808314
30.479122004774982,0,33.72527596520098,37.72044324625392,0,12.947320992391921
48.482149049644164,0,36.919291747483854,41.191231526742975,0,12.554783696339982
55.88317206484576,1,54.119668475518864,33.28184751488632,1,14.100514583929472
52.809918677350325,1,45.87044934371289,30.36041437633438,0,12.84840672065809
43.77300480179406,0,33.662694721071894,46.06760913367776,1,8.556817944173357
47.918777496427246,0,45.55701803743126,48.80713618520199,1,12.68750820417565
45.06999065341167,0,52.750043318011485,42.584363938924945,0,12.83735203539745
44.106352430557884,0,42.376243385847275,35.38786276204809,1,15.166279610546304
58.49602097021025,1,57.12379730617422,28.9586752753831,1,12.12442123287658
53.57015485965047,1,51.03985492123436,28.534952490530003,1,17.968089780624425
43.070904047393455,0,41.620017118136445,38.83365804449573,1,8.782316704318475
58.995998754332504,1,57.78358524499684,38.7969857048261,1,17.157838719593208
53.072995208766095,1,49.26983242315943,46.36643850400974,1,13.20066247698006
58.1286211883896,1,54.59462467472578,40.610031799708594,0,16.011534604626682
56.29628841923612,1,53.63136791298418,23.290172006883264,1,14.025429478531553
41.710049890779274,0,38.869895858951125,43.00108343632231,0,16.383089837879258
44.39818959803031,0,46.4810669949574,26.735424461386213,1,12.619558880578577
57.472936051232615,1,52.39507673109279,32.301876626942814,1,11.10290765808012
56.10370265433465,1,49.201422550121265,37.306786782730285,0,17.37333477126435
49.79098406035852,0,47.04196828109111,50.95488912128964,0,13.412118066501815
51.17327383308782,1,45.80653070425384,59.93801213969728,1,14.277361660722285
62.77664895788425,1,56.93347669434868,40.49261692098367,0,17.04241276426967
44.0842861116417,0,42.35562377733319,33.238641355818984,0,11.001797616996747
55.470973811700375,1,56.17838471365961,39.54959387842942,0,15.29814672033215
47.97807347566106,0,45.928711538048596,42.00014708077374,0,12.184824578355993
47.8231879677278,0,43.85887125512177,32.325818393928856,1,13.326040370243625
60.987768519871906,1,58.77226002719998,49.911079273292174,1,14.10045278385816
58.2541634898803,1,59.16922409018613,37.25327424802523,0,10.114528616180266
58.135096360006386,1,55.76058733327653,39.38869953073148,1,11.915609320149041
63.05478807154329,1,57.07307943107426,40.980133420012855,0,17.33877799246371
50.21003841632759,1,43.65811544012649,38.383194805732025,1,15.91967873978854
56.81952971294964,1,48.41437005923136,42.05250048940438,1,13.679791650940905
46.89733243406544,0,42.32403285986108,29.906841129327887,0,14.24575529496354
53.24166352488442,1,48.08786677789073,30.69566914467598,1,13.029227006406543
48.698569456323156,0,43.61833673081994,26.1336946090426,0,17.06542985369642
50.96995964992718,1,49.52098774177688,38.56450782745817,0,13.218517748513133
55.95157025436914,1,54.248768029538404,41.52907054081537,0,14.398636635424502
41.81779316766527,0,41.29638655806732,38.253072587598346,0,16.401431223708467
70.9238727568546,1,65.58602746518254,49.44213310462303,0,12.175048743022325
39.93982618500298,0,41.23988172362149,34.45222315861778,0,17.395769484942292
37.85811387212268,0,32.50144465806925,39.74283893834623,0,9.63100875308401
61.581108735000676,1,52.1744335875444,26.845448427635517,1,18.00572750248201
57.91662693962936,1,52.80869306794087,32.299033727186256,1,12.92664357891265
56.24119817052155,1,47.47134565993356,40.8763619690523,1,13.218077093847226
56.2834550926428,1,54.7362605453188,42.10698964057729,1,9.100643673895497
49.87753227153085,0,51.06191944858538,32.64214103226309,0,12.560563851986386
41.02745628514168,0,46.19384095651054,33.97857879939255,0,10.921032798135622
50.75804558193726,1,48.33099763829074,22.894912305650386,0,12.196045048205063
43.22838288487888,0,48.03564397337726,31.80518553779107,1,13.221290243225377
59.75119733417751,1,55.221126990397906,42.61062517486717,0,16.289502982865812
48.52942618497861,0,42.93799508147141,39.52811143810146,1,14.189596902201135
41.745028032074885,0,39.10034898378598,38.59257717265342,0,14.304092194144282
46.78614158347006,0,42.28648090499752,35.23749657662118,0,10.896924359555495
54.12931454275625,1,49.482462383143385,35.262970996163226,1,11.5807010668483
44.36275447196025,0,43.180827496916116,29.435568607810435,1,18.08406763531748
41.77779604433569,0,42.20724032525272,40.17951716383706,1,11.697553333978597
52.436872114919126,1,50.09000359511792,38.489627160861076,0,17.88925807244162
52.44966571108723,1,51.83259415548977,39.058634069496755,0,13.141340317019578
44.9305682462887,0,47.48486060534508,30.53824967097379,0,13.604331205284533
45.289616943816775,0,46.66490209903346,17.537737488220884,1,16.28170523945116
52.32049937357636,1,44.074504986416244,43.89324666270838,1,16.926141042318168
35.51915658502676,0,29.6408420129953,30.445258181184105,0,13.133351731002817
35.92536225623445,0,43.68091504925661,27.39406200046676,0,12.447899611320842
42.81555778747564,0,36.45642619912715,40.18860918468573,1,13.416510034443979
47.86552848288153,0,43.07926232044393,31.75717530479104,1,14.502204390237926
53.10907565598004,1,45.77074923809865,43.63494485517197,0,15.990440730293988
64.75356216949552,1,51.14553530131937,40.67372570508836,1,14.00564589087529
58.576596232020194,1,55.989729058100274,40.89738439720483,1,15.418747669698286
48.40061470036573,0,47.26250832476032,23.99238504541401,1,17.763911624684667
49.80983792097311,0,42.59923897374267,44.68604377913986,0,14.649470789081423
39.97470635362191,0,30.6282491351924,36.58873956755195,0,14.278626267084384
49.8148686400761,0,42.722799263232396,32.03652631803418,0,9.899020310076352
47.113413610798624,0,45.20724663683273,36.00277841927794,0,7.0654429301433135
53.227185603380896,1,44.60209379578062,20.951477416982485,0,14.735483035143037
41.727690564476774,0,42.281595995325475,37.85560702006921,1,13.297493233087353
55.193465142411725,1,51.60521397636833,27.024701191664015,0,12.51691261556138
65.32738913002578,1,61.13014913884957,24.945007169753012,1,14.615373293066376
48.91239851543143,0,44.946349501264685,22.766746436028445,0,13.527238647316356
54.01711722098941,1,47.077655154640176,44.10236286096887,1,16.599792971004533
56.90143991711113,1,57.51330469450848,30.310964846313247,1,14.053305968989667
45.987795281141636,0,42.52075721552324,47.06921144338908,1,11.752447692947413
52.24092481810417,1,49.8614616914163,30.825634536486824,1,16.220234093760304
50.12592400781795,1,45.13004873617364,21.347432539647325,1,13.159690792790853
50.97676098548832,1,47.52479210820584,26.116642529685144,1,15.035876928890534
42.26990216144534,0,38.193284350551345,44.49998806812778,0,12.351871277746904
50.245101742589426,1,48.23136738024323,33.76506966363613,1,12.080334821108197
54.979982912454496,1,58.38482767488,30.862700773697917,0,14.01002023371333
64.51143607795042,1,52.67393123769419,37.00571761071983,0,14.02230033041822
59.59270826085207,1,48.06230905669727,39.49389730238296,0,15.091421753634123
71.53182457511556,1,70.08678829286772,45.01578175597547,0,13.459022108227954
42.326524371119504,0,40.914789759222515,46.204320057699384,0,8.955631027996397
58.723206367206785,1,51.24625552221249,32.55801115204765,1,12.792529418373164
51.83342005738352,1,53.90994306934422,24.48328951421287,1,15.72121456900721
71.89802933217672,1,62.121789393469626,32.78718017762263,1,13.394520388535767
41.91701714644849,0,48.91589354552006,36.67809490998552,0,12.922381836642598
41.60278157819224,0,44.21822704668867,26.870067669224724,0,15.997996896328686
44.00607354555978,0,40.410662683609466,27.043096358117644,1,11.800188402763888
28.76104275690193,0,47.52068727925446,36.68835519024418,1,9.41821280953079
44.74244978319239,0,40.22478354240538,34.347903676596005,0,13.19327119685011
42.40867338446302,0,44.74900057810634,34.882809632515844,1,12.337738589567417
51.50393786476208,1,50.77175754501766,29.007234215637546,0,11.314462957912106
53.41755975777159,1,55.83254218346038,33.327672274242445,0,13.329905055408704
68.76170839215887,1,67.94691600091087,28.544220265461508,0,15.303998285960136
59.5042383818605,1,54.583441259385616,42.59679920809132,0,13.86686336371767
44.23096344337597,0,39.434628068219894,42.993542849958814,0,14.352071950583113
41.01585328651642,0,43.15496413670866,19.781289766421068,1,18.053836312018888
54.919191715065054,1,48.79071884981975,27.809872704213973,0,12.941186680407391
36.797667929793576,0,48.19539867592329,22.36764935576905,0,14.131824945207544
68.31458765854353,1,61.85767636462746,30.71553790767199,1,12.793258346673033
61.79440120721287,1,54.62699339672504,34.922216302037754,1,11.819988724426825
45.30824347895295,0,43.61296875546399,23.168250416359406,1,12.143895736034635
32.86865470909122,0,33.98065211119025,26.768554230452057,1,12.160476665377603
63.53872374165413,1,53.515876122312754,27.645277210430724,0,14.869463968700895
48.85460154747382,0,49.2420757816651,36.60086871256524,0,19.549781497701368
62.378163119734616,1,53.8936936661693,36.173662852276735,1,12.157454671705091
34.05572341205633,0,35.38241733442889,28.428885743904786,1,12.33955120420247
44.00624977046227,0,44.50898631348112,36.114879465638296,0,13.422317462631124
50.05243699718183,1,53.56906261362963,30.629181173160966,1,14.690545861718002
50.46980593764742,1,51.91292338767446,32.85024941427395,1,14.36827314863991
45.49934528520756,0,46.93642231444488,48.16258398664867,0,16.820226390574444
56.228499323474985,1,49.27501134568492,46.035113380496526,0,7.758589810131477
39.32379570617405,0,35.114468567354734,24.06953988988792,1,7.519151238634298
48.576205149787064,0,50.313709100470405,41.56666960052275,1,12.431828672970367
51.20295631711899,1,48.125229842199914,41.55132025178869,1,16.46730959520165
55.14438834058749,1,50.63350941846127,26.07111310700843,0,9.888767687797758
57.11614878088889,1,58.17724669255814,41.906028589083334,0,6.323242126383385
38.75357908162131,0,42.86652941314675,46.741134301381486,1,14.903020097180448
34.65885829264378,0,41.506486523500165,25.25258446467688,0,14.00232022510966
62.77676821898509,1,65.48085155031356,28.298815842835147,0,11.230014347381125
53.323140119795916,1,47.99792974093535,43.30744874073781,1,11.302613800593592
42.51513463443446,0,45.52915992494861,36.797719218326904,1,11.125943393602004
65.51151975522522,1,59.18988482836837,40.18738618967744,0,14.286568688789353
51.156746342928585,1,50.46612290793611,37.782551048350406,1,12.157346736401053
61.792971840638266,1,62.201101474310136,38.71521595945707,1,15.171019234251563
50.67518481410109,1,51.17349417754096,24.42198221421639,0,6.576937039021044
70.60747924881987,1,65.50360595051387,44.408915615412575,0,11.970019922156897
67.55340842443205,1,64.94795503460445,45.234390360643786,0,11.235933266211013
47.51035851520926,0,42.357351486661,33.04039197321624,0,13.009355474372954
59.71570950954355,1,51.2449661981541,35.13796987696628,0,12.549194793965524
56.45375949585148,1,48.26415308814453,23.07382795434679,1,15.823684639656445
63.68631557532348,1,49.65088377043115,39.79835382690886,0,9.325384382356326
40.35076539419896,0,49.33128850163865,39.0939978034231,1,13.620743998710859
56.86051459998439,1,48.28809044287145,34.84549759400473,1,15.233051350028951
60.58424486849588,1,54.32737033426766,44.524039122388814,0,18.5533034887748
32.41260513576886,0,38.192213949432585,31.44801240894892,0,12.143837174981687
38.16741487334225,0,41.71343493570355,38.925218150815915,1,14.274494808348136
29.607678222398995,0,42.225255836168884,25.823069201583024,0,8.782496583042066
47.305931655554424,0,47.167439823661624,34.67687937578382,1,7.666228122328529
57.17542255795962,1,50.57026841355681,33.96393706467529,1,15.955444390613442
65.02357052096028,1,57.900375117317154,37.553641902375546,1,13.98657067629903
50.74094780419775,1,50.30628374053753,32.08083195954302,0,16.661100680580013
66.28615545571292,1,58.60070181839875,34.7625270074123,0,10.592215886689885
36.198985417851084,0,46.43355504797238,40.9183266424246,1,14.723735057178901
32.96617560644845,0,41.34849934448074,30.654194882416682,0,18.0313681134886
49.44452301103381,0,47.664858196568886,22.119609344642257,1,14.73815448111384
53.840654489393074,1,53.51935858843513,49.188703958113024,0,14.468266853765483
49.67305251905907,0,49.53149063602377,46.03528525547685,1,13.714851252442056
29.325578999601234,0,39.66119257163274,23.628177389135118,1,9.359307937177242
49.10879960487212,0,39.375014392055434,40.47310242220516,0,17.07110833137331
36.95530499495147,0,41.77804498223367,30.32396708533683,1,11.911962000386364
56.69672548830039,1,49.99139649163939,37.44273399706349,1,15.095142650723549
53.665982460968486,1,48.652918777526494,37.53709215515637,0,9.865733882791234
40.60120213672645,0,43.52943115613035,32.65479770430575,0,10.563374881465078
44.861330826633065,0,47.64785690778419,28.47294121664048,1,17.18494511458825
39.40786478111048,0,40.910951982451884,28.94606482052545,1,12.619901573227601
49.37320902726828,0,45.92586523326497,27.639125127513474,1,17.320652870651728
59.551423205012384,1,61.29686823345963,28.82299349440706,0,13.695451816453952
40.14273953664456,0,42.00603832470086,33.969710656437385,1,8.898110358338247
55.040465155178445,1,61.98102792411648,29.525943344872907,0,16.03097830243287
44.697423816275595,0,44.891923632505986,40.191287716514736,0,12.119217681936492
42.07127167737656,0,34.621232130204724,46.50153282655624,1,15.288147467340139
48.929696400454425,0,47.48967018259734,30.306058889062374,1,13.741621096859292
39.64757677580626,0,42.420148593562494,36.39761484307333,1,9.63515596565895
44.46350694652818,0,47.6972920429065,38.720656229749885,1,14.000007052356985
38.021221074111516,0,43.138247387688686,38.17707922105977,0,18.950982276864227
69.6472513291639,1,61.92994657656018,36.59000470978689,1,15.325411172869424
50.35263551971729,1,44.08036833279884,40.95909112286364,1,13.563258327880687
43.00274492007414,0,41.154895217428454,38.50812886744897,0,16.248413403293725
52.13979910734222,1,46.51360513903173,25.20569057674873,1,14.26946714515462
48.87671950309171,0,42.12888354307431,41.89708449026877,0,14.201369965718818
47.790304004667775,0,46.2982931839342,41.98784189836733,1,10.926743149695598
56.14166700043425,1,58.92765225306498,29.20079451659306,0,14.407453404482679
57.57507710047305,1,54.74004260030956,35.68225653860447,0,16.44011008305182
44.69498852389472,0,37.84539348142271,40.20138136868329,0,11.503744390227832
44.2418175935532,0,44.2308861159163,33.03758032304277,0,17.146075904988432
47.24948302848356,0,48.486920896930386,43.44629853355227,1,13.415724600206856
26.98078835264415,0,36.350103607702174,52.76001937458709,1,11.02019198820653
34.84808937801448,0,39.183779977281944,27.954516207820866,0,15.8910419798609
63.66874267444524,1,57.561469379141414,24.635080308492064,0,13.25638926414323
66.44967713501283,1,56.5911640936391,38.25303262158965,1,15.927780761415526
47.50963960443622,0,46.409960486591466,40.64798202123096,1,12.920796211442381
55.765569630557664,1,51.53141015249579,33.44134749076973,1,13.665746033786393
53.112501545435364,1,52.13125720704916,46.78171038384004,1,14.996150541744436
80.78880808455237,1,70.12394236374175,25.83059400644163,1,15.04301880566606
61.195749114345766,1,53.90148933819298,41.10313643997018,0,8.935085531157569
48.72082408519233,0,47.26630038411749,30.089154638188468,1,10.871307131467866
40.44459559399574,0,39.64402272225366,48.27725302935816,1,15.832416873856953
33.93553679742428,0,46.45629358351486,50.13689966521616,0,13.048369263694616
52.03463635867223,1,48.260170887998015,28.968479115666828,0,12.43136447024489
42.436492547156966,0,42.68905162647815,30.225367540089206,0,10.152294812799452
35.77746290402326,0,43.641900393968335,41.16557624103958,0,10.716208454890843
43.534271157574736,0,36.51172914169294,31.579668359562618,1,8.516188823246626
39.18451996385605,0,33.7187708181272,34.095936254734895,0,13.23048860252329
66.87141635072565,1,53.979529813877775,36.04667818187556,0,12.541334375561895
58.816397569494505,1,59.03582385948987,20.083434628893478,1,11.459858223926602
49.92027358683383,0,42.752767772856686,34.88531171058779,0,13.528096908816792
64.79944138890026,1,68.62275249135809,30.222149876931624,0,14.90591540490985
50.77368307647618,1,46.93583699863679,31.093701574625634,1,18.948468492054385
41.38715798671736,0,42.17359468160449,46.11841392708638,1,9.748034610826313
65.23124077269657,1,64.90396715137832,25.709506884400778,1,16.903077423705234
55.38910043684659,1,59.80934580624398,41.77509651582615,1,16.240535911274613
39.62753845673544,0,49.13566311957833,32.2496734801823,1,11.544818920692956
48.09661321916392,0,48.918000344329144,32.66674931299152,0,14.170022150848355
41.24381746615243,0,45.48486616198264,40.88516604172131,1,12.38079322597901
36.172002690356635,0,42.36824423793809,37.02901049106895,0,13.88766150485398
59.26177547531641,1,57.40213689187648,40.02799275152206,0,17.6580630430177
69.0941664047013,1,59.788212243940755,43.70018560449795,0,15.595898909672309
36.01432426180859,0,36.690357855753426,31.65024914762385,0,14.691807418319776
55.62969236690571,1,51.91828271526901,30.383590742283285,1,12.736820547451508
43.49357430878173,0,41.489384417044604,25.993474502976703,1,9.859729823864797
45.12874616235304,0,40.98875202337532,28.153153068286013,0,13.08140439689604
44.07606075761131,0,45.17451073010764,58.29655844035037,0,16.598041602312012
41.36009230320184,0,45.24774703597488,44.52544126105438,0,9.709282204589918
50.48521627944827,1,49.39859003326994,24.21566588430824,1,11.071980905147226
41.69049883588962,0,47.44584783812938,24.004861287845923,0,13.849479317302961
52.704568257798385,1,45.658674566976075,38.99015690663785,1,11.29245440303781
49.49761890550863,0,43.976695483276465,39.35299932429916,0,11.708643760322142
47.6105195313359,0,40.995066652358005,39.27159665910571,0,12.593213936306274
40.92436337958402,0,33.81970702215813,32.50657182054962,1,10.104443757116305
44.23228669431667,0,42.1180857715531,33.70798025469263,0,11.149341118345411
57.55391225825756,1,52.660581999650184,38.00073180618774,1,15.609648037133422
55.009171876243805,1,57.609302939947945,35.93760264415884,1,10.531758981947466
40.22444755201449,0,43.5910847708595,16.756819395620443,0,9.509808614803195
50.99332305429226,1,45.209781136731195,33.211269108113065,0,12.14480401225111
57.51387123371789,1,60.537888491364626,28.564442087603382,0,15.680166180948971
33.305947188786284,0,44.32402236913048,35.56698871070741,0,12.8738144237835
55.43360192379935,1,54.1404320744373,59.15375211701725,1,12.64721934318694
43.37376241054153,0,41.22001505579096,37.60854144432152,0,13.678372241999847
55.70598668593159,1,48.14081923667216,32.7770618449174,0,9.4498511515695
42.367408434574834,0,40.277441653049195,41.99278243754676,1,14.784112303129078
31.95117899335481,0,43.58818337279331,37.95906204734145,0,14.297611158376206
33.72457562116837,0,47.04952742143328,37.54698470467315,1,12.351220327184064
50.48084946661382,1,55.21571100849109,39.878847219056055,0,16.224428268823317
52.59722501721482,1,48.21067059936277,51.58220976949708,1,10.9332042529617
40.956833748955916,0,36.81773569976214,25.500734204840466,1,16.33890915811304
56.38592458777374,1,52.96430760993901,39.10835284388032,1,14.213952655743602
33.3847993773104,0,32.37929114372604,26.75819092901321,0,12.526314512850774
49.33920201352684,0,45.96663840329181,39.411061271414326,1,13.637099951849757
37.889838002375434,0,39.82106889208014,27.044999808230017,1,13.189634845520153
43.48163892197841,0,40.3015637649509,31.335147437258247,0,16.620340019483862
50.47398671316414,1,42.66042772155745,32.662980021754954,0,11.017781915585747
41.39586634716048,0,43.49264475901836,42.3763270721157,1,11.621619229076714
46.154444557701744,0,41.09430188680112,42.1553577794244,1,16.213846121335234
60.0629280921444,1,50.16442192110774,25.537407393036148,1,12.41242122388324
44.231081304768516,0,30.95929602837957,35.15102695323721,1,15.83595431942435
58.35692112065142,1,53.566782246291055,29.741207218039193,0,18.1157283799348
38.702931453423815,0,47.71670969085129,24.367107287268517,0,12.46957106171439
55.298041779152825,1,58.37475021470438,33.528765685562675,0,15.509366652021319
64.41568620657901,1,56.25757816500994,33.252922002682396,1,11.104083020781934
25.283554998727105,0,36.34195579292591,53.177909640700534,0,15.092504345144064
42.03104744529523,0,43.52566279513907,38.065230975150335,0,14.039180913872821
55.7707212718054,1,48.024831119118204,24.267596057556375,0,14.998010130836644
47.96954613957007,0,45.23316809785625,30.38028527361097,0,12.045460742702913
53.71145873371309,1,53.85779973971585,43.35663930012084,0,9.62152063575633
43.960148132841795,0,47.25260506773027,51.40554958960149,0,14.837333124530597
50.865897874729,1,48.83983042273929,22.355428395832785,1,8.558810076295943
48.44322764607921,0,43.43115422395106,19.8827663011916,0,12.875488322315245
61.677820616598076,1,52.49069490480722,50.55161243380416,0,16.286511078381885
52.54420843301213,1,46.82931276585273,38.24412384061784,0,14.230628508342832
53.37602662075202,1,49.69607330021016,28.222459476026668,1,18.638377144389572
45.881230338775325,0,44.57971983187462,39.07109420591825,0,16.18039748822994
45.123937759275066,0,46.454067214324766,13.670214975828731,0,11.96773278437156
45.67441812180379,0,39.81159984403032,34.810724958867475,1,13.681771812064671
53.944521423782966,1,56.8986074803564,37.81979545393383,1,13.660463672114568
45.79015519179737,0,41.98781112481992,42.18366887589251,0,9.66036119547063
52.897748568964126,1,50.247374574777645,27.033719810107904,0,11.4069576801684
70.75400798645438,1,60.49544575165402,36.72319769054959,0,12.713177892279436
58.711247034316926,1,44.217520724995644,28.032165343239146,1,8.783673683546496
46.73976467832159,0,47.01235526813219,36.88005827931062,0,13.753528964195537
62.01213922163945,1,59.19636008598994,28.437836382177778,1,13.317563172800186
45.91924626978449,0,42.00083841648606,31.531155600207462,1,9.436150172116754
29.61875464822146,0,39.23129181390416,26.014414574089237,1,14.30290725615776
39.91913689082596,0,43.03956332648844,39.705046779130555,1,15.288064599543917
31.292080789741444,0,32.895719379100164,40.932212972740395,1,13.893427812957052
46.48486515958691,0,41.24978359987114,32.947278698320034,1,12.819526865169312
50.184183791895514,1,52.06948985112704,35.31511314927501,1,15.182289055217547
66.76437312275283,1,54.97547093068819,24.24948733906929,1,15.735838363646783
53.269273737641626,1,51.71575010520366,32.76605050282779,0,14.533894399052052
47.80899471191136,0,38.52617517918639,34.48881279926161,1,11.594649268151324
58.294055811834895,1,55.50066145374987,56.38104751883155,1,14.557383030014648
27.88864690992115,0,38.690876880512036,24.998696139302748,0,16.24647456526212
52.35614558108566,1,43.57305974691348,46.831225189073784,1,12.255550265092387
57.70865193886967,1,57.907516534409915,43.36030278466995,0,19.09902138660847
35.214137542201584,0,36.85491975011792,36.505798113031176,1,12.09020541588057
61.43754043206929,1,52.58593377932932,49.64084089516453,1,14.009768341991727
53.38496407494414,1,51.409338644282464,38.14609198460211,0,12.08648529148304
45.847120860991986,0,47.69057387964294,37.90562960839303,0,14.175119507020492
56.32781866106285,1,48.301034944690784,34.89142570891278,0,9.471002141633068
72.70692857804396,1,65.55622974289777,45.923897488251214,0,12.789034074519076
51.81866255058495,1,51.45767261134376,43.862686998016315,0,11.006070250140281
52.48220586300336,1,52.87513882001753,30.11869199318047,1,14.087989986990793
45.40639100459756,0,43.61997415943411,24.21634199343974,1,16.09424625886422
41.50155630535208,0,40.004902248653764,32.951232716102346,1,15.145046593893419
58.303358165442454,1,50.33077576836255,29.01485939309095,1,7.936918761161618
41.43916174091133,0,41.79703591962393,34.06376149012272,0,18.633957367137928
50.715662372193925,1,44.87439686446427,44.93528819608281,0,14.452513098996048
45.223425532348834,0,31.154467468646164,31.10275803592312,1,11.663220659414476
54.78979825746392,1,53.17056001883468,34.8969028623806,0,14.188615762626629
53.33662105286948,1,54.19538029128404,35.63101293111063,0,14.207206977314119
60.375399442578995,1,45.61245911505283,42.306217029771226,1,12.24038619647267
44.89983601145253,0,38.671111913987275,16.769877128695786,1,14.092788388584239
47.30125064706629,0,46.20007484825354,30.01146017423094,1,12.127344293890555
40.21236284217693,0,49.294141711267244,36.20088768034463,1,12.493342275118481
45.55706739923889,0,43.059105031270136,44.37848502137683,1,11.895443508597065
53.77300493044852,1,47.916846362359614,31.253430666472788,0,10.19378187425984
57.56988616645352,1,52.426389084538044,20.366072659987687,1,14.21598889886753
40.77834675822375,0,46.73906794082024,39.49660890564028,1,14.97881552645532
58.6960592010566,1,51.32038734031297,30.351903849447794,0,15.161130174212062
63.55637858804951,1,54.219175271649014,26.160485656679587,0,16.020940703349076
54.13434903223701,1,49.107128846593966,30.211954333906057,0,14.593537505681908
68.76795812558066,1,57.893027151790974,34.46219504503224,1,12.743545416969353
42.26210800896427,0,42.220484993110674,29.77514808414251,1,15.644401821257258
37.55345296688583,0,46.82460564779639,16.73314419155174,0,10.057275209732879
32.212797510957216,0,40.56256157180482,41.28716945064492,1,11.092577493937942
64.96044311489183,1,57.5089561308799,45.94702248597437,1,11.588708683739725
56.54365656354058,1,51.33277761832379,40.53935875889307,0,16.531013279119087
49.44415329089545,0,38.472403066301325,25.870722301146245,0,16.045854351168096
52.799686263198204,1,53.810664671911134,33.52805204157976,1,14.97425681787645
38.74510952701623,0,40.327931571045525,34.38508495451515,1,16.154726853569816
74.45751979616827,1,66.28854298952126,41.0132311063037,1,11.990943439893394
51.292211819752275,1,62.23523429512665,40.41133450073226,1,14.597332036047495
51.09394794604893,1,50.55395282757386,29.18130700707448,1,13.408942887963068
57.25766623898692,1,49.94840611147803,36.01884776325783,1,15.962358584492023
54.81009231736713,1,49.73098565487733,38.89874785279028,1,13.508141264966849
52.23884024279131,1,54.563327014510094,46.7585205893137,0,12.782419583830624
42.09525544554688,0,42.12555922963606,40.24081509087513,0,14.894176405313413
54.714683571359956,1,45.62651228419102,41.548187677572145,0,15.98471658940528
68.82024496475033,1,65.42905442600808,36.6116252716724,1,12.405541912178002
63.454200461549775,1,54.66467898921457,46.956383184705516,1,13.816394830850054
65.93186626639397,1,66.79736786536978,39.074695680995674,1,11.372535741223746
44.887843235688145,0,47.02545534853165,27.85568888039584,1,7.352604320981413
40.10395179741419,0,39.24200601635111,45.732157350872235,1,14.003228114482605
48.74213079900352,0,49.510953195710364,40.5203327202624,0,15.19710600661665
50.557249122886944,1,49.353151869402666,31.483510287116488,0,14.366312005174551
60.94191518470949,1,58.87930737193738,31.711152020041528,0,9.044934009308271
33.07535370285181,0,41.34104464343952,36.52637204626868,1,12.48438349886585
65.29550319460614,1,55.40184915710164,39.47025352187098,0,8.460040663764419
48.419921014210104,0,41.660727673848555,36.49933417576016,1,17.092651189419666
45.7311893005258,0,47.167665368467,37.277028852569366,1,10.8994873307153
39.87895624739832,0,39.62473206169378,48.093606808980965,1,16.636088148597707
33.451433281342304,0,37.849673392121815,42.744916881946196,0,15.73370277483721
58.231705839619146,1,49.77297241271235,36.936670022101154,0,11.613158235452229
50.73317967188404,1,50.8663616226285,42.56714362973407,1,10.882701215268316
37.10039100258946,0,48.464294301128064,26.094828321909155,0,14.317933361017635
37.049212279363836,0,35.93170350851464,37.53587701354266,0,11.330174152629597
46.64215300709872,0,43.53070569451776,49.30655844821982,1,13.889054665537493
66.69021525289394,1,65.57962269998802,34.09014359950571,1,12.826735328040582
47.40408648636395,0,43.450865347901896,28.089132895365516,1,9.195185693563197
34.96857046881894,0,41.55321115691702,29.031717414696466,0,7.823201361565231
47.54256935914056,0,39.582100220529114,26.16006416921792,1,14.217562008419304
47.2727643025233,0,45.42398868558816,28.58554295010454,0,12.241560920223902
23.031133570584284,0,38.04018729015061,30.687491889808978,1,11.777898129126354
49.45705133482188,0,48.67439358266057,23.72831641331196,0,15.428800624430899
47.69065469791322,0,48.64820231245832,35.00947940649248,1,16.587418785539374
56.96206364813418,1,63.12398969454826,42.56632057269989,0,13.15787946955816
68.48956094945345,1,63.78195180861657,28.66242860629731,0,13.218294451714415
61.26565029547757,1,57.00515917986739,47.71755390390803,0,15.175670588694262
47.31111309445169,0,44.50539488144348,38.95189236294334,0,10.253883337640094
38.9347409125833,0,39.279104871765476,42.69138173062162,1,14.036577455120907
75.7335980324986,1,69.64291506707823,31.024003470807834,0,15.594386890205357
50.59218434014488,1,47.917993352443446,41.86581103354017,1,15.41241920784697
50.13929291912946,1,49.54368438981638,26.271493442793968,1,8.860904102126426
49.758749128899964,0,50.150346726709884,42.109917463137066,0,11.791786808055647
51.980847607678555,1,45.803491115169166,36.47375709873218,1,11.543958820094904
48.556395880760576,0,48.858552113427315,39.3538295539163,0,13.920845303638243
44.26337993119764,0,47.72923833309614,25.308412151561065,0,14.787129048043912
44.53141058759608,0,42.092485887448284,27.566011791166968,1,17.332404230366876
49.672467297840015,0,36.34988682959547,39.761449110919074,0,12.456035645036618
44.56575228866235,0,40.14689867783523,27.141503580639508,1,12.34738380000021
42.871542173228356,0,47.13189838273924,38.3492274454544,1,16.43161089066143
51.064302276918966,1,49.252006282630504,24.116112662163985,1,14.462728391864141
47.45022782579145,0,39.79291836511976,41.65790509262292,0,16.818133334485765
65.03992988582688,1,56.562860167706454,25.891809976143275,0,14.722618605241127
23.490301916069882,0,42.135271989064435,38.092914597239684,0,10.27701449153822
60.91506851922462,1,57.635855740211504,40.55080089512924,0,10.585480483439976
62.46085192497629,1,55.62742587277121,30.048868048812217,1,10.070436415852202
29.266097675918505,0,37.464698246546014,38.61951742047374,1,14.940451540414553
46.57312405919651,0,41.83696422055955,36.912194309628276,0,16.60295453890145
46.28559134004209,0,39.59112324895874,30.503544717460198,1,18.249117180266794
35.92488305282179,0,46.4050334550561,26.22780668003142,1,15.526260991864536
42.22183312409125,0,40.42663348469511,18.910086122823934,1,16.45153310631929
38.894241545341714,0,45.549133564504984,37.24191245566463,0,12.027843999272623
67.52270443423623,1,66.71706813170394,23.35771305081537,0,11.159414546825083
59.35678393147461,1,58.34712961373216,36.23059279210419,1,16.012334009673374
62.71555094994159,1,55.0481465837042,33.52819181883908,1,14.998512899597333
57.21672064043235,1,54.54409124958303,40.79397823552718,0,14.112945348660878
38.70948228782771,0,40.53271662043895,32.01911011847247,0,14.442618347339028
44.75479733720226,0,39.03771273541882,32.10215757608338,1,14.403059652889558
54.89374561227918,1,52.78379739420303,41.09965291492032,0,17.007417061879487
37.778721911080545,0,35.666798172168086,37.06940032822697,1,16.693038400264
57.12998430172388,1,57.624076466136486,37.885746872548424,1,15.203150566885345
47.59674601841865,0,41.99766011701563,38.63397801938914,0,15.766442101775693
46.251791924504026,0,44.071025223515505,22.528012610568354,0,14.91019221955202
57.10959968203492,1,53.99341540358993,41.4097894239976,1,12.689267663554151
54.4426331148604,1,50.183066552546435,40.12188200785184,0,15.680264349580058
46.3903383418092,0,45.672240949671824,26.68605188847848,0,10.14156909468803
61.59329803364248,1,54.041079983299724,33.62702111228851,0,16.566594841412556
39.189366724001026,0,44.24857047011085,34.145010035179006,0,10.497479985064933
56.15935606944264,1,46.87513598563612,34.23199352825827,0,14.537695338375684
55.93101257968384,1,52.62279371023125,37.96743036153247,1,11.70573535552828
46.904535606860094,0,51.303802797755154,46.29616103499247,1,15.021563169823267
53.26133022242118,1,46.535702560985065,43.81720033250369,1,13.68041353962865
37.488864236146966,0,37.5987374169897,23.876689664356096,1,9.462887389314606
59.24027019206901,1,56.32959242689455,40.43857343205184,0,14.936554481387578
48.15097863557011,0,44.82800524560463,45.539015488061786,0,12.218217630629626
44.772769794809605,0,44.062144650679585,37.8331066552541,1,15.798322197929615
60.49009225836889,1,57.102215005666004,44.25234801440618,1,13.913116067003395
42.95656309457241,0,44.51326745594067,50.74599172033474,1,14.547683725361544
35.9153870363644,0,44.380256109361206,42.48544572067407,1,11.024385353189258
34.433708264760966,0,41.279223143960245,36.21615417837188,0,11.915343586726815
56.06009951345639,1,51.23226719938397,43.66371276835085,1,12.674605400016416
37.19570647503717,0,42.927647369063564,35.518887988526984,0,15.585670330107131
67.54794181984364,1,68.25280127062885,36.06862143727183,0,18.244401555910596
29.18070592116278,0,38.394248034462166,31.14772141034828,1,11.270684739066064
66.96456368290038,1,56.262128832279444,48.35553505480189,1,16.73141163530221
52.11017467202618,1,54.32793838462558,28.5580794060653,1,8.318009949126267
49.032868881296075,0,44.04426321084131,47.21058524148974,0,10.695183874895196
44.550809131910505,0,33.88166319306781,38.7264534465185,0,11.194070042171273
53.991361143520706,1,54.344676918142106,24.00511865876051,1,10.398555499268607
49.62365297575152,0,42.67193011488668,37.922376992718945,0,9.73350208504608
61.03301882016522,1,55.171651323727154,18.75143887979527,0,14.953157656747797
51.142276486620396,1,50.71210752130512,40.06117795897931,1,13.187676285412753
51.50301761461878,1,50.3360981459242,42.15700274464287,1,14.678573846305149
46.36387787786144,0,46.15196004835793,30.079346248676647,0,15.353459272861011
49.43054376278933,0,42.97656920317627,35.95990875578413,0,14.352653358187121
53.07801768892059,1,52.48617396609771,50.78716035444832,0,15.405968294154345
32.89831607343375,0,38.33564725762295,30.098942169576194,0,13.184135605863002
36.518145778942866,0,43.03191874539981,25.85464659249434,0,10.462879444814494
57.43264094022715,1,55.53023191962919,47.22493926671215,1,16.493188270856532
51.708654381279416,1,45.94176738040798,50.78613024331033,0,12.26139275567277
48.16016663647321,0,48.45786165099219,34.937573706606436,0,11.324212585823398
50.184339330653934,1,46.74865569475903,43.10092124979955,0,13.258892097102082
53.47581705361671,1,53.89095276183506,45.90559817692789,1,11.48748904283105
44.60240319690639,0,44.06169136454622,28.790246299538246,1,12.548472108964548
42.216952745976876,0,49.06696932575249,30.728400954355898,1,14.404473858828203
51.958452550976816,1,48.92371770994527,44.94491873278672,1,14.610023399134853
40.21627222384968,0,39.668082219430204,47.99092784086056,1,11.25975027841292
54.082527557144715,1,50.93025566756989,39.70717325925207,0,12.562387118771031
32.9741639576216,0,38.17315377689321,27.110193369864643,0,16.045315791078043
60.291556373256434,1,58.20470712023557,51.411066712258354,1,15.14683142179998
54.72597482413043,1,44.921093358702,30.98853155871081,0,18.98218209485396
52.56029734313876,1,45.930970219836794,32.44691261778532,1,16.701526381216592
59.82690983945514,1,50.407924803338595,38.23004816788973,1,16.75727086818895
66.65474444462576,1,63.70240771536511,48.266020587949484,1,10.56342351275301
60.1437006501813,1,61.743250444223236,42.33899284492685,0,15.812524892087183
31.591257686683548,0,38.76664990477276,37.39848688722947,1,13.199058149491393
37.204230332642986,0,39.56414548736199,38.066519757577,1,12.066630097807236
43.75181422304321,0,42.54651401900799,35.03570806029989,1,13.995074635792184
50.26091050210834,1,53.578649204388036,39.47816164125347,0,16.068247046570875
55.17659020469123,1,47.94685342705637,15.022348888680138,1,15.055610781604353
42.742561868465344,0,42.851460947502346,32.26426842086488,0,11.358666734014157
51.86766764477078,1,53.66950616582835,37.023958861572794,0,15.593500636876966
42.44617067646678,0,43.79806539248347,25.41419586486728,0,11.954954558339427
43.884821970080516,0,43.07469147481133,37.784827640996504,0,14.119404236812326
35.93338903151778,0,43.9495743274137,32.660899683686914,1,12.66029261193752
40.767667538890954,0,30.423264224173003,48.58218896346847,1,12.968187721438754
36.48315394383666,0,42.78012952310215,46.90831549891069,0,15.345270516478006
40.241267470226674,0,38.4566596084802,30.78561882056603,1,10.904341049864787
60.536417966078396,1,47.855838431172366,34.320119205770354,0,18.7737160450139
40.50601111168057,0,43.19917420405554,33.93372003071689,0,8.95740504899737
76.32382064837391,1,74.38597984011635,32.70291522314171,0,12.732307204830335
54.93317900880889,1,50.9601579972232,36.80685882266546,0,14.724193305030528
51.84836123694874,1,53.56984319990867,29.026161510746718,0,15.197752640827249
41.41642219818787,0,47.89410220984613,25.525898430409185,0,13.277139142534491
57.00309879408991,1,58.05164113857897,40.331844730906646,1,13.69658521837794
44.24362173762226,0,49.013027893292445,39.748417760655606,0,14.611247648071487
51.220098146453616,1,52.39344543238417,28.626478830042743,1,13.146728269284871
75.60084538268795,1,68.45619009003329,43.44288571523519,1,17.694970052491023
49.0394010027535,0,38.12106475812318,29.899348216815024,0,15.779160805634074
61.49273326285676,1,54.882945857420324,37.59995856744669,1,16.11191554277122
42.96823574874112,0,38.60558857795862,41.211163888336706,1,11.143972906548779
49.65011509503038,0,53.5100526119737,34.71360523712182,1,13.494531240886351
67.7080063563551,1,60.08619481961532,39.52332761494683,0,13.302995255325342
43.730329422122324,0,42.75107162975016,30.555079320005543,0,11.060603149218782
68.12448557996929,1,63.353154069531655,34.33449161157369,0,14.962900171463803
57.07751935455475,1,53.01408226490816,33.707000520685014,1,12.497435992641554
44.37533224105732,0,49.284239156236566,28.746139839730958,0,15.226016219446738
56.32407739055521,1,49.87138079675711,33.902010564601504,0,11.151002640575275
59.7255444962673,1,55.387064226571376,23.097330833903392,1,18.192112422029897
56.21809962217196,1,49.325815097406334,31.38167500397176,1,11.583530345963284
34.297752801095434,0,34.33439202661996,31.935883693097402,1,13.934210899022998
42.728628241751316,0,39.44596622972109,32.586993392124526,0,15.534220840805194
47.52481364448495,0,43.67552510899411,32.944261115258016,0,12.223895197389417
49.25566570899954,0,42.916164291798324,34.46866968656895,0,15.816284922762367
56.20672097550678,1,49.518910420935924,39.145868193463855,1,10.751175425009095
51.777010009332535,1,44.09481279571162,42.084987093526806,0,17.36583444814305
36.64655641289899,0,39.774000472273606,29.13420600585881,0,13.468304290672375
53.801978510059634,1,44.826658164815356,25.564492082389826,0,12.285011050278992
56.10585745283823,1,55.26596753352132,26.96893757469709,0,13.074162717988177
55.5979044793104,1,52.24207659698804,31.3822718544061,1,15.834256263068006
60.807807255546216,1,49.54178460664375,32.72501982024524,1,12.455017915484827
58.33922154548904,1,52.428200624392545,29.256992547694793,0,11.993390207352835
54.59180079228437,1,48.29812111894009,24.86065672561506,0,13.237994521886343
49.29834288541353,0,45.930792711447985,31.315950524477174,0,10.74356157578335
33.39039066484009,0,44.81578833917893,35.62093249415378,1,17.919167583151342
54.29618219132586,1,43.63197303129061,39.97504483625082,0,12.369937165789707
52.076876871631114,1,50.341676927804386,30.644459418714987,1,15.820579502883632
52.715788371953735,1,49.59111806852269,31.831806841450216,1,14.277990976558506
37.232514241796906,0,42.93170435255951,26.94803924131136,0,10.983315158631017
39.189434595917376,0,41.616187054468924,34.207958366797655,0,13.468901918886523
60.53152853332904,1,52.16701787219248,28.739147353139934,1,15.87063751894345
49.60444846143345,0,43.527573098246876,39.565244929001274,1,13.221435631512902
56.81500697372624,1,49.48784326016854,21.053818413213424,1,16.819082504102095
50.28318376130459,1,53.24642236547336,32.13712180844553,1,16.25945215718075
50.297561394957434,1,49.034912720004165,37.42373678328181,0,16.00323836454497
59.382838059759976,1,61.97655827344882,36.93981803356803,0,12.738514830512706
44.83955271782626,0,42.44343526517558,56.28624694773528,1,10.897184934902807
50.96120776940983,1,46.45621602082281,37.846460585013745,0,12.185255141981209
45.377247112949576,0,36.84746442857081,26.7364255809114,0,14.098147293925793
45.65503772567684,0,35.80374712946755,34.01903790957125,0,14.977567538344424
46.908278765313604,0,37.213183012564954,20.63544327053406,1,8.209237063405151
52.221337716337125,1,51.02851887471472,34.466268891442766,0,13.724143750297367
45.21251378336523,0,44.870357227347036,28.096177233162194,1,13.999473338975266
62.55756125573521,1,50.33094126665449,42.95100026726806,1,13.257290584325824
41.05392697780496,0,44.907438970391404,30.15637415212597,1,16.749263137095795
48.13128355838641,0,42.16831858385101,33.97243685155735,1,14.717075856794905
45.60268941725825,0,43.581880160182244,29.695671739627684,1,16.887533558547407
64.46977884353733,1,64.57751693259917,49.63429975700352,1,13.449494275995164
51.965547765115744,1,53.408764926189505,32.52833525931249,1,16.083004686569627
60.31844539468635,1,53.949803259351086,50.176378617567934,0,17.994034894212525
35.14439626963028,0,36.21431885509174,40.77043391042764,0,16.68212154857426
52.67050265869259,1,41.599305568529914,38.99005895161772,1,11.023056069602019
58.896307956234374,1,51.1629836536691,38.394680576351874,0,13.243735965268735
50.82283989275424,1,48.37366964595742,38.19152038036773,0,12.853545034230592
60.654803750653514,1,51.31393219637142,20.111359552767794,0,15.136232412703889
44.82711549899628,0,42.15611722173616,32.51028862174376,1,15.312426197516258
64.0934744018558,1,58.14040493992062,42.46593748956737,0,11.884637802972776
72.9889812361925,1,64.67999927364404,35.75827159401678,0,14.329375909516195
46.37161439560341,0,40.7174486954498,23.577061945351574,0,8.577613957521727
45.54497478599228,0,43.6455785774375,34.35801313467986,1,17.21576201022457
64.53384477117702,1,59.94701142219284,49.35953636860278,0,12.709741293731806
65.79572145730712,1,54.8313125824505,45.76491979714311,0,14.155574278757383
44.771399728467316,0,48.30281199121346,34.24253791149511,0,12.821303709599192
45.798131829041424,0,42.681270346644816,42.40150080791677,1,16.481031574114365
47.18215391139493,0,43.745878013267514,31.927051532625335,1,6.549876974734451
36.55549488965723,0,42.91815231447517,20.696802049869106,0,13.389584041978372
40.81348053515802,0,42.18352619141223,27.144946121721464,0,13.251722716958916
39.95859233247932,0,44.80014138134607,47.001039764689544,1,12.36508087767038
42.32202434895871,0,42.89902193626648,32.4241565628135,0,17.862006851068255
49.65315112613219,0,42.37802910591738,33.03558572130646,1,11.474739375383216
52.342147325365204,1,51.47194430444416,32.718401796069216,0,15.676333389596456
65.50500492814076,1,54.381649413004425,51.008342962991094,0,14.900732070328024
40.016459592612094,0,41.43917941007161,47.50849430252711,0,16.65412732319103
59.843223984765835,1,54.557582613947766,53.24240306682336,0,12.228891767751552
47.86011155774491,0,43.143379575235265,33.620643894686836,1,11.8247799833455
49.50536290347567,0,44.240978064554696,37.34026405515055,0,16.43028202676301
56.748194921666034,1,45.10208262585045,23.204269350716974,1,14.898267169258597
38.772779784377015,0,38.45199499892559,46.254114398165044,0,9.613112228995643
53.82409746184051,1,51.22966554946126,25.848968462948548,0,12.428219413078633
51.66452208213056,1,50.29939294667388,36.81743061420756,0,14.699247076262763
54.92451264008149,1,47.394064003760136,26.467805410941324,1,15.892900806668102
52.89168643907818,1,55.392293087617375,30.43364970804434,0,12.059757095799174
74.55300139910894,1,63.64030008374292,29.529550621557842,1,6.905420053439826
43.62260015748684,0,46.095841168363236,29.818127922467802,1,14.88050996749232
44.690030449981826,0,44.33575043869886,30.421519897307267,0,10.542998884139697
43.76859473575236,0,39.687692244173896,30.302279377387002,1,8.532024899409016
44.44522880839745,0,49.63241280454734,41.388932734662326,0,6.508089763707597
43.62612872693482,0,37.444779386497544,25.842404091846582,1,15.607474725033049
61.89016531107552,1,59.8354596612248,37.35883968166471,1,14.259346932233926
64.20504247989855,1,61.92268283067841,45.45392534243939,0,13.41995989781734
44.29253706250524,0,39.7895390267748,30.60905593701809,0,17.058411648657007
41.67644426895771,0,47.10089913481384,28.840471087467073,1,15.126840592936835
54.71415556386404,1,50.37912435033931,33.3915107767512,0,17.835033218082074
44.477769557190285,0,43.69860958634951,44.1616901447452,0,10.107716710726313
56.32931817755511,1,53.40654912978973,36.869326956504615,0,13.740209803666191
52.029230208513,1,49.318557890765724,30.851747153564865,1,9.698801166800223
34.84255885002768,0,42.96199273980171,38.1131411520057,0,12.823395347361885
65.47505201330061,1,62.10625323700275,26.955415401973646,0,13.387961405849317
67.95877673095522,1,54.01043708924787,41.34881492009134,0,15.62570962777678
43.87211309515614,0,47.528927498276246,37.96246411637194,1,13.69135196475787
46.122984400640156,0,36.56183674775418,32.34368145092093,0,15.180977533712593
52.85865390724905,1,54.44123079260545,28.434246307784605,0,15.515773410992216
53.34456789987025,1,55.09096584161388,28.073781016725857,0,19.154213051455258
56.5854427267283,1,48.162536201573545,39.6078108271037,1,13.043467216319254
70.1020453876635,1,61.24868782969023,45.83694628929567,0,11.749484156087322
48.2305277250595,0,39.72375550990384,29.813064410022612,0,14.279819592792212
42.01702755461546,0,40.786108146790475,38.26794500614265,1,11.53464048324345
36.20680771985473,0,38.773788255955,17.61412423717619,1,17.12903807548843
42.69069960058081,0,44.99825065265726,29.957593134771443,0,12.845768894648534
49.66873027126203,0,50.07669751644123,34.73496505059588,1,12.279433685740264
67.94557863517788,1,66.5759624862623,28.61981159590422,0,12.880622269825762
44.823887009638284,0,40.43119285539585,27.249143352165145,0,15.392521298871866
52.237879516388986,1,49.13213331051511,29.76965752406836,0,13.350390132249066
49.83577103927248,0,38.184402462267855,37.32933037857461,1,12.092548370459493
61.88393273448084,1,52.93076467363231,34.09556448947305,1,18.101058448748443
75.26932425873622,1,71.67945614668947,18.357616346337036,0,12.064961883520349
44.69131227079679,0,49.08980908365326,17.768964392459313,1,13.68274143049842
45.10560557481778,0,37.854958267781754,29.90035885588349,0,15.23287749052193
60.44160877069072,1,52.741219285935436,39.183573126962955,1,9.83049439937113
56.81891489626312,1,52.568810423920645,13.360907003011278,1,15.037029551440074
68.46707325736034,1,62.564509210885724,31.925512253654972,1,11.431572276446083
55.83928185325964,1,48.82219897256131,31.08198124052361,0,15.873742589150199
46.40707909212941,0,45.028874530423195,45.92705618027405,0,11.221514052045148
55.90654830692309,1,50.206789894198046,32.21515292164325,1,15.550053545760614
61.087035805829075,1,55.51493244899878,38.61826366821889,1,16.686323381853363
58.204821811973645,1,55.760738907664,36.540298211298385,1,16.017687750321485
55.07274031107298,1,51.61938617741609,18.209105177096045,0,14.429746426816715
60.66674689589154,1,53.52562477924961,41.67899507784847,1,13.33508258059358
61.692955904456724,1,55.57529091436073,37.30781983887314,0,12.492810177252023
63.82158991037527,1,57.26770659487217,39.75722861291548,0,17.654018525250265
56.48709887589643,1,50.98432983667627,66.73425659528544,0,12.08100392709882
48.328819196831454,0,43.15715380051611,18.243537443852865,1,11.07391120001164
51.46713686433323,1,55.949682019972336,48.87093004130553,0,15.39276507486874
62.06508966508357,1,58.5318865105718,33.30367432805133,1,11.950959785335431
41.83064329012764,0,40.40078426347855,36.890163399730454,1,11.161454122137233
53.686733088729014,1,53.56710417108274,34.820238692026514,0,10.164724006350166
46.06661187672639,0,41.85274340062226,31.409439926651974,0,12.414057638883234
50.28744822934817,1,53.637048929866204,30.455708985557337,1,13.49896140484573
62.78451862607299,1,58.30526724683294,38.27529581588772,1,14.563419691673207
51.910990680199035,1,49.362805617880674,22.95815996063652,0,16.11648542435269
50.46436548156149,1,50.82520679702651,41.0278516142522,1,15.026532118795712
36.401438590200804,0,33.7664234109872,30.99051669042801,0,12.950848222921067
57.46253566027221,1,48.58109233930523,26.33257207069075,0,13.353761522256143
56.45484181141075,1,47.668370708212514,31.722639226604027,1,15.104490508516172
71.6325472330546,1,64.8677169934855,46.138821096553315,1,17.314076351982514
46.922217650469996,0,50.485896265086154,30.56343018639371,1,13.9542298517174
52.19150327663939,1,58.86897908920544,37.97720410950893,0,12.571002930006765
52.49383683710755,1,52.66131504601795,29.277041636131592,0,11.267711734028287
65.77453279763475,1,61.17900314843175,41.8521014392707,1,10.402477494922131
49.047044676130476,0,37.32837263994719,40.43641414412816,0,15.346615073631416
52.790215257703395,1,48.10226544175882,49.92838142925646,0,15.20075061425296
56.078965097165394,1,49.05788570747529,33.89943669086455,1,15.264988114709961
51.86609123156358,1,47.28447818762251,40.44254299964143,0,13.415673208751132
45.535663854494715,0,42.294559625108846,35.56132350903629,1,17.12805014181927
51.94089992898308,1,47.91975857904629,45.46401925135327,1,12.528521762117617
60.73631749859772,1,47.40364464210266,29.786156774060043,1,16.30289944298997
39.7348470058894,0,43.91279818733982,40.44678485331272,1,13.39783970264393
51.32969674146876,1,45.191557202017876,33.50890646813998,1,12.20571702313103
42.99879185060827,0,42.94655253725983,34.13643417566244,1,15.041301605306568
61.950466289248425,1,64.49970026892873,36.3315431900494,0,14.963099622494951
34.76813095216225,0,36.02662545664021,36.25632971902154,0,14.287794517210559
44.410781527284115,0,32.39663430401423,33.79070673138854,0,13.791411685686178
53.772118750645205,1,49.68433128649185,36.90631140289646,1,13.680709670720827
65.65524029234341,1,63.48232417227611,48.407706475114644,1,19.984034788022964
49.34249738927012,0,52.5089616083486,42.850722354385255,1,16.647491560775833
44.44800473306802,0,37.61405050316469,41.675636976628574,0,15.39602733212514
68.8115706944059,1,63.73133416005535,32.29626232652933,0,14.355729309396587
35.51986099583756,0,37.99543292659723,27.162066423965282,1,15.928290221408425
28.011940433799182,0,38.416924434551,41.54300148759199,1,14.555225749654612
54.40014450053332,1,61.77105835459053,42.22838156526502,0,13.853514771945756
44.97945775647389,0,36.72990600884664,46.530338293831555,1,12.84067834196469
39.787671828692865,0,41.95171102710946,29.65753858368081,1,13.293460092417137
57.08356447299353,1,54.71432377998905,33.5177889807669,0,5.91560694976473
52.43800713771199,1,54.421587656648725,22.00602705668212,0,14.275262240998345
44.359213692632714,0,42.88972416185376,31.57819183614465,1,12.365994073576754
37.19695601329106,0,41.469859517917975,42.33241188530013,1,17.42561411597303
58.724573282801444,1,52.35687416138328,31.70426563031449,0,13.922851642685414
56.50201177958661,1,53.55027522659256,40.44893895058592,1,10.857631686754328
49.00824136220617,0,43.14118743106984,33.42638722012782,1,13.55546444192383
68.46636996047665,1,63.929540734834475,38.51577472379632,1,11.454024686553272
39.29915233673847,0,39.316216231318,25.283426498311588,1,14.669501586015935
34.74474829075261,0,41.208002768110006,34.918913011608836,1,14.122263376663765
43.080919301187556,0,41.90214517302065,10.724958197853589,0,15.95621746379442
49.54413983644502,0,49.278349006198354,33.48203772652637,1,11.713678317492487
52.43339449322692,1,49.87033643985619,22.077883774940226,1,13.833688130434904
47.5876394214367,0,36.759884673500885,44.52733810344637,0,10.239198299862146
53.520553965142966,1,55.731905987642286,41.39528652037324,0,15.524148034114646
37.484605758095555,0,36.685724605900255,38.107598143633425,0,14.746870066262217
64.4376460407326,1,55.48821389774584,47.88993211931167,0,15.228265473383578
49.178488216074314,0,42.21334774797448,27.36759224420502,1,13.687617342713839
61.17295831588128,1,61.13258150590812,49.53755349911853,0,14.960391393289603
53.42725346377704,1,42.08839053902346,42.62889518727193,1,17.77939284004703
54.567532191537836,1,63.843383733616236,33.335934311825326,0,13.078615001225721
55.69767280232204,1,56.19769839104843,44.369844817579654,1,14.16056641532165
54.47708560017315,1,52.13194141131599,26.373506180715587,0,11.074225964049937
56.42722759867544,1,52.20713034292432,28.72524808771238,0,11.657892147977677
63.29152530132431,1,58.354625398450224,30.795858479148613,1,14.210363738759753
51.9652116970147,1,51.90571613216554,30.866438920338613,0,16.499138100695063
57.09003757588512,1,55.42856746001741,26.90204073671223,0,13.201098690888772
49.102643057127736,0,46.78179188740687,44.739796689618984,0,13.092261537862244
64.40117215449473,1,58.432846396502306,33.64922340476608,1,12.970810331828957
43.2360769794073,0,41.28619135475938,37.4818435958254,0,12.227829862477337
68.00940432910815,1,60.44299547283302,31.337659285145968,1,14.797616725854216
49.59842049355657,0,44.021189786367515,20.415094620289693,1,9.948824296924519
35.69224897881952,0,44.428322269718926,36.44507131607235,1,16.61619392124321
51.28104414910789,1,51.831159704797024,19.766012404097182,1,12.062065137658507
43.18948342525119,0,30.297018534117754,34.110401802578814,0,15.368548382100377
58.406435489887244,1,56.333502427519015,24.473801463831876,1,10.693132216313055
43.47376020697609,0,42.941742940723636,50.57189600419527,0,15.241575530505067
45.538165667852205,0,42.89332746421784,42.06781006079038,1,15.290624832893288
31.104592690544692,0,37.56858670681898,34.90125996469908,1,14.282597033825635
45.47693680750923,0,47.43950029013132,44.88350026161281,1,11.123467431650703
25.761206733710434,0,42.54590020540589,27.017532516959633,1,13.839094608669402
34.16097176514277,0,36.497723365522994,38.55588361761788,1,10.425578973466884
57.604146561442974,1,54.808512878498675,36.978690797821855,1,13.220174793488395
57.85800158650832,1,49.45985574442469,37.505060729994774,0,16.43069278411848
54.254575617849646,1,45.589829286649106,45.39155678174663,1,15.776846330033846
40.33023856870787,0,38.59329324737512,40.37644875067381,1,13.54456212772524
49.5228864385802,0,48.213293482326044,37.2859336245292,1,11.253441288964499
49.963974609094315,0,48.79450046433941,21.75909924062835,0,15.313248772617369
38.416353108074574,0,42.602326987594594,26.74044729316802,0,13.516780156406554
65.0339830176715,1,61.477581109984094,34.77002768211778,1,8.19989066477737
58.77362290575672,1,56.02128919026238,36.185660139501046,1,15.83204702390643
47.79035826170336,0,41.378077916076094,25.84788811569378,1,13.595225080559835
50.26885838994531,1,50.66284222200685,54.30685632412464,0,16.711505287756587
52.08382807947552,1,53.086975535296595,47.235343846002365,1,11.003500264482497
29.582651315757094,0,41.9771722500724,38.79607912892773,1,5.349893493325139
47.52822617479403,0,48.58086323172532,35.45270619900966,1,14.348274169358843
43.180157520022014,0,44.88839666333239,32.961336116791884,1,14.29251234210537
39.983799901050844,0,42.40093542491365,26.883842314874656,1,9.272996929004886
47.18899707114045,0,47.95411686349651,35.47929400170793,0,11.197531076756292
67.97686526849523,1,60.91402444606767,37.960863584566766,1,20.94758166466966
56.4084286126701,1,48.88739527426106,25.386336826780507,0,13.064142036868894
44.28821010217203,0,41.818082633680255,37.38782184306778,1,15.41316164298398
55.72582781356159,1,49.01115436906054,34.04421900008009,1,12.187866987850272
