score,treat,outcome
32.23242535974817,0,29.81077434006847
48.552804902234804,0,54.477236031613074
47.742361237568105,0,47.061033100059426
46.60103497131884,0,42.741406192591754
49.02555289819566,0,55.590474102339215
52.24628030898791,1,60.59573985435186
48.72400591434264,0,53.06959462219361
39.25594757244741,0,45.777154211536484
54.132570728276484,1,73.41185637331955
33.430340079759404,0,37.63256890921662
32.5719616130843,0,39.38086070001388
56.28303420496333,1,59.46422962123317
54.309672313150536,1,62.28815692183035
49.512139396870694,0,53.75072076102323
38.13868770958189,0,43.29638941806252
43.98275700427036,0,58.01320633209779
47.76665264466472,0,58.28834404329865
36.43490126712003,0,43.399678974975274
43.71825640680252,0,41.298261810315985
55.54480787450178,1,60.266911682402
62.13209559645834,1,75.53639934982947
46.434804602402316,0,51.72491890274206
56.43015101168684,1,66.54369148379486
33.730489400006526,0,44.88236349876206
55.6053355494657,1,62.61581941722651
43.16643847481641,0,46.67255777531709
52.61243774201775,1,50.492755576726374
47.89410444496247,0,56.40192395139702
61.22351908316259,1,61.05247537951845
42.567296989110694,0,50.21099377618894
55.33465352927556,1,56.61054102920323
47.624186561979464,0,52.42218930592942
48.65440343691786,0,54.29914064126935
48.43724190814672,0,55.09817798231089
42.81177861180004,0,45.26701092410884
49.88015878979329,0,59.71552277961175
49.467490111964516,0,52.28858592548063
52.0505421114572,1,53.233687561537316
50.718293738389335,1,58.74732867511333
56.78295367170401,1,62.433183159522294
57.849823236402635,1,63.429807775832856
41.06970176446369,0,53.538000620948225
57.384566255021554,1,61.628314038822126
39.916140369566236,0,46.43325762257216
54.99677504917075,1,57.033190233519285
55.26777966997439,1,64.85972840672474
33.75380642086871,0,39.88643755555262
50.790323595499984,1,57.544960899897305
46.017783036437315,0,44.72252516709524
43.55049530754931,0,56.14986714725576
61.482244810941545,1,59.51791858984293
44.44372730458194,0,48.752274764046945
43.145796102496575,0,51.455148409578086
50.643406990043296,1,54.35373606765442
55.82751284353654,1,55.87202089800554
48.79598701891392,0,45.75918447460765
59.91414963818864,1,66.60535483243663
54.51329312669477,1,59.02765114707108
31.48520378228284,0,47.28482286936529
45.49953081019043,0,47.97290812653793
45.22434215551056,0,48.052238587690596
54.07456810415009,1,58.72796060704495
27.689055020820046,0,29.566345894324446
71.66658252410065,1,67.9231130832022
54.513721806600785,1,63.657937243870926
51.26545283330037,1,55.581910806580375
60.04332558956274,1,58.25312968211229
69.92105944890731,1,61.519869939903685
57.401346479001425,1,53.687534890029426
58.06491132000877,1,60.813310980336624
51.11086520794725,1,58.204772968322835
48.79703109638094,0,51.7298931064389
45.95573872595834,0,57.26865161723842
42.97804807042639,0,54.78621401524117
44.160380152554275,0,49.54592983704483
38.52027430308464,0,38.20329592641086
49.3550926691773,0,52.339862477064166
35.68032559357571,0,39.46496701811013
51.62279045522154,1,57.06776945893574
49.691189831640095,0,52.02239310294661
51.24895003628684,1,56.873094399689776
45.56188165483007,0,50.45180053832975
76.15331314653427,1,70.59426468885565
61.56098515153266,1,65.29763515916073
39.421388749279856,0,47.82379246406582
51.979378743128635,1,56.25015533779901
44.83194778503275,0,56.51378237690766
41.376922322986985,0,44.46994704316819
38.609387395446554,0,39.00929562177678
53.67384187145366,1,62.30975382834136
44.20826800190862,0,47.65502647935024
58.22652120421424,1,64.24431142819506
58.44714882350873,1,53.444670334837525
61.67827227429732,1,70.08740979838623
42.75471248837012,0,52.364420504591166
54.040607690882084,1,54.97054527217226
55.375860841459556,1,55.714590678723724
45.9694855116163,0,58.99434126901206
43.43993836216056,0,47.32777308613613
63.68092565909577,1,62.10461397586139
51.93371494372246,1,50.80354711255249
55.405725881049776,1,60.240977337403145
43.01235389946262,0,48.99353231999471
39.636082034561355,0,49.475861336828494
45.15967691681706,0,46.09136021872448
48.94581820718503,0,48.269088510844966
40.95412994205253,0,49.7788103626211
49.91631912647174,0,58.97660643047521
35.64770590141775,0,35.53598628743347
40.479596909006084,0,51.82278786061021
55.70274561035344,1,61.936725491497306
55.1322194223621,1,65.87904836561108
46.66904749421163,0,52.53563951512486
41.3490033728459,0,38.27397503351929
41.26706981202891,0,47.675406914803034
46.82721990949883,0,57.16993976930534
55.47840717898498,1,58.10407762004927
57.89008837642676,1,61.25398351842854
45.77948024840326,0,51.458372720607194
40.195314379129336,0,35.60588387280886
52.27667092186383,1,66.73954465263623
42.99995274968028,0,46.2879555346969
45.59485256967978,0,54.04603175713766
61.26484676871482,1,63.983388275879086
57.03048114280903,1,67.44110006833914
51.34278165413734,1,61.164058103304995
39.18868849054186,0,45.18841202471064
51.7968708235006,1,56.21853177130262
59.03258697169397,1,66.51561424768452
46.80711384099295,0,45.421310284276956
61.48446976488708,1,67.01320870155985
60.98833496090476,1,59.809054431945064
64.14172907321952,1,70.66843617477895
52.5945665755165,1,60.86969450037059
54.9928294483511,1,64.02049904166117
62.020591950814264,1,65.00134646132128
53.80284846508629,1,53.84277359577537
45.739510083783195,0,48.68984505605671
46.18738588951318,0,55.15623835922453
52.02771710707678,1,60.58574760169367
39.03022791345714,0,50.67702917844763
48.782299219404365,0,55.859333055494545
59.32065050495716,1,59.58732839917883
31.374342265095112,0,32.205860716800004
63.04309786525338,1,65.5551538210804
59.54018085897685,1,54.29685651192123
46.09200076544095,0,59.090038754376046
54.61882203691038,1,63.02754527176889
50.02675567870378,1,63.68418106699936
60.4549181317288,1,57.64234446881019
58.3528067135445,1,67.99478904244637
38.099398852944425,0,53.818563141855634
54.9917305144455,1,56.159954691117214
48.252163244032396,0,56.98841136377516
50.70407684940385,1,59.179624539213414
43.81053884175657,0,44.41538910789602
64.8591650875271,1,67.97552622942813
58.840525469171894,1,66.57186989260335
43.71194510622978,0,48.10525264222949
38.65580984126302,0,50.19684662576094
46.72178263668829,0,46.187200294485315
53.6932724917761,1,54.8175235854453
52.041749673542895,1,60.47316402407211
60.651629010530066,1,64.15491251410253
56.714317638537246,1,59.397413349014236
58.24133671889971,1,66.2042595856071
52.77827090518872,1,62.445480405397994
38.19096079320658,0,48.4319262795276
48.336562485251335,0,53.46558499819276
59.010762789223655,1,65.72468029811476
49.56205510754051,0,52.951712918491936
54.27626813330185,1,69.30583752575296
47.29063932040787,0,50.00414676806313
41.24659928739432,0,56.684467289841564
48.95157545560806,0,54.493432940345635
52.62690326577756,1,54.73965272129062
44.42665438457773,0,56.575817176353546
47.996454418718315,0,54.23724397014331
42.01456244311915,0,52.40212111607632
59.51358179929481,1,68.4364779399315
47.497126060501714,0,54.74829270935795
62.348422133572555,1,62.45430245647947
62.99435672959772,1,69.02373799806495
49.31110929986518,0,54.58240559022007
41.42818577334753,0,51.18329144404179
32.26986803926663,0,28.24483415589691
37.48768487927227,0,45.952715649376245
38.32240398836139,0,42.59739038281995
61.71699183342279,1,71.14841577204736
50.98450899142904,1,61.82899303868619
53.3116384547819,1,61.56006910288103
31.12642142405143,0,36.91641601754633
39.817285351653275,0,42.81338161851583
57.54017809979344,1,69.13866505558528
52.437579955251984,1,68.10614450770562
48.74875513117242,0,55.796443432001844
54.80116004810104,1,67.71187933699522
63.90428135215443,1,63.27009110009836
48.12113905993507,0,50.62796109376164
50.58964332259359,1,59.272372303127106
51.63707380921609,1,61.444001966776284
70.33293189982894,1,67.38549352136722
32.15547175243828,0,38.82685650836479
55.80739562570487,1,63.06203730373898
49.024180885547956,0,50.40653348732754
54.81755967256553,1,63.433479740419436
44.412333291044845,0,54.545953537181695
49.58379723770317,0,55.43352119358581
56.046989925456714,1,66.56085244127281
76.45973670887265,1,68.52692641388686
56.86830760991761,1,64.20718308077596
42.79144241674068,0,45.02700285909414
46.398042702807025,0,48.16452267264119
46.145980078737246,0,49.912439885209324
34.737033032644874,0,36.8017903202291
47.19423337053778,0,50.99542789634784
56.22904719548483,1,61.17965836031623
39.16902698784724,0,49.45509389801608
58.91210253393004,1,61.985166210753434
54.14608597921688,1,54.68293399524573
43.75901676324618,0,55.109890619138284
48.7969980826283,0,50.907259610543065
63.58573536494878,1,65.16175099864275
56.23515641479986,1,63.82528487904459
50.074661066634256,1,59.60315490755927
47.979691805831635,0,58.09918550497249
50.651177098839106,1,61.06049641850184
45.65000975749042,0,48.619775148510435
32.10962920138837,0,45.31600165662134
67.3585122395452,1,68.04788762649981
51.32026249319491,1,58.937800863855514
53.38425175354156,1,64.49383553366762
49.507784126046275,0,55.698780486188106
43.751507193841,0,52.14018013117686
48.41964191193545,0,63.981084669065865
36.405144521348355,0,41.71399832366999
69.35523523345309,1,67.10819936674345
39.50664801340963,0,46.940932536654664
41.228286587298975,0,52.531430571352814
46.2577967627156,0,46.492277594590156
60.94864366124521,1,56.325092935631005
50.12332649373256,1,56.48530761026057
39.49284573374107,0,39.92401479927686
60.66187606643739,1,62.35866381710381
56.21350532767659,1,64.03893166895566
54.576697136339845,1,57.67676258507039
56.083741049952145,1,56.26034516879097
70.35207615495084,1,69.25047552537609
68.57330660780696,1,71.3832377292636
44.16291958447199,0,44.10734631456932
63.80302243889479,1,68.77979120883714
53.25692961295065,1,63.84154281298477
54.24231443717087,1,64.88994555228443
35.615697931031704,0,46.65160279155732
48.55172099420034,0,62.90610672262511
43.090999482139196,0,48.549319061676215
57.038499926593126,1,62.852624394720934
59.104184253423846,1,61.690769741317396
32.36686601636136,0,37.02280340169264
49.8127036559637,0,61.0185861321457
59.53582279075114,1,58.17101231419281
48.41322882033572,0,50.5639733417135
56.1970409825201,1,67.52989204591275
52.98490647483021,1,64.51074217341043
52.904111971597324,1,58.93567904664407
47.69382268641947,0,56.94799216055909
39.65906316484647,0,48.00337274039476
40.46699374688727,0,53.48495029718255
56.0294963728702,1,62.24001444866294
50.165395171910504,1,62.961357487432274
48.82264592083859,0,64.8400267529458
46.39693464026001,0,55.01243856319902
47.40589481341361,0,53.53118046343144
58.89875025314919,1,66.15355778393246
47.150425304121775,0,51.69576122897253
38.600949936936665,0,55.02277881443372
56.32104009209147,1,62.79985529826887
48.258548357149905,0,52.81526531602978
50.2668648570286,1,55.57630414399576
63.66441560439584,1,69.82247056799392
49.82523526252069,0,58.363429999226724
52.45806122150916,1,58.162214155517496
39.979150323964234,0,49.28390017485064
48.132809655016835,0,47.789911037384606
55.18097138427311,1,62.27536318377582
36.77932326234944,0,45.10142842307824
51.70718329148353,1,66.57239986259928
50.85672411748085,1,56.18006402393352
50.350943372493234,1,53.85532970083853
58.815850638595066,1,59.64459073080121
52.84272737621243,1,55.00963212102263
62.56361113602978,1,70.26867859925927
41.55448911745069,0,54.756155822987246
51.15535882135596,1,60.71482991219319
50.71796768431455,1,64.06841327752137
40.911336803081824,0,48.46819957094777
58.12850751777644,1,62.53410435585489
69.75972309974895,1,67.28454244251444
49.85544836688744,0,53.67139011678686
54.29267925032702,1,54.90754570225618
50.71840704443028,1,60.24050703892145
43.93453030578901,0,50.535959623120476
34.52353763868286,0,43.24928417328762
44.0009253936894,0,51.12686574353931
38.16835376191028,0,44.32223628491262
64.4848676635025,1,62.338522727758296
49.021567601652464,0,54.686725217582996
47.05968570309905,0,56.04636845523498
57.55780751069635,1,58.08037442607252
40.465115625724955,0,47.83182675519893
43.4816556769613,0,51.24535466601688
50.57861428861328,1,56.229984379709364
58.74453642709958,1,60.84262674876235
54.2643228839347,1,62.00704256295408
52.110763711385,1,55.43064636950642
50.66400074950614,1,60.55162823373876
53.40200477197759,1,57.065867604768954
51.71404969359867,1,63.99829300317301
41.24523566439605,0,57.61325551196731
50.39167338388179,1,55.54970574585017
40.8736463991991,0,50.03159583654789
50.689201614657,1,56.25959205127402
45.91449249734995,0,56.428045258430856
71.58474379365433,1,64.6894738062212
49.66089773811045,0,56.71714132467397
38.063963686776496,0,41.35913054428431
48.85946820924614,0,53.46748856851185
54.41454933792205,1,57.035320725732305
64.22359354229646,1,68.98769077624031
44.98965460052089,0,48.206429171484196
36.54936222079906,0,45.206937135313325
56.94311459716334,1,60.99372684892599
38.264910999852965,0,44.62733927542342
46.29267874718638,0,53.13499027523203
47.810225873156554,0,50.56166007165742
49.40811564694908,0,55.48097925946146
55.857897885131855,1,67.98185926216905
44.1891086005657,0,47.796482521490375
47.673301356582535,0,58.20372066591396
49.8787019999302,0,60.91939014349578
51.2715826389097,1,56.23510381635096
50.831530985017345,1,53.428615992425875
53.706049089391925,1,62.01090197777153
57.172635831954764,1,60.286755075500515
53.337389983033226,1,68.08836049965144
53.85547694982836,1,61.01820105318442
36.55110308265494,0,39.79250178161853
50.42693544290828,1,54.42482802320018
54.07581415801367,1,65.34977865980501
56.19600015384883,1,59.73594144500261
44.11501841901275,0,51.022923818420196
44.39816616344652,0,54.90350825160911
45.12014426008941,0,49.71975628474413
54.55951814907642,1,61.04755186867385
58.78798896685577,1,63.14743119142018
46.53658908802139,0,55.45455109218628
57.71767966582991,1,65.08998890420767
51.04957837789905,1,58.49334599567221
48.94357089411929,0,54.60340863575453
48.203234046547266,0,52.38349855270578
56.346196599118336,1,56.180949193985015
52.7674114426901,1,61.34656900552996
69.34451613500492,1,75.9417807934914
42.75609053452275,0,46.14160512757928
54.40386446725479,1,58.06199383097586
45.50179141660214,0,48.46914744911025
42.611060610596525,0,52.4443522630353
49.907629335202735,0,56.738391038742726
51.16749607495981,1,58.80669684509524
74.80447521801078,1,68.37230442383562
48.43476056669278,0,54.391696490985524
40.39348079938019,0,41.150051976574865
52.32059109870228,1,60.65153213845119
32.36555968085587,0,40.49890938803146
49.21836734786374,0,49.516820849061034
50.136214899508865,1,52.71137877860353
56.754103255034295,1,68.59999889794744
58.2757891201367,1,60.534503590058065
45.7196582392844,0,56.661555676003914
48.71978087564557,0,53.59024433488837
43.487972939809296,0,49.67079092348176
40.4114682841346,0,49.18064814391773
52.63410562473539,1,56.70952864854725
39.17452283692891,0,46.642513931107395
46.47567134513916,0,51.15124410715399
41.54102134085648,0,43.26668599881807
54.67230708346721,1,62.63685503797279
65.31215584376515,1,65.17219076428589
38.936502146171684,0,45.22069568639065
34.24934289537067,0,35.033977272924844
48.93846147452443,0,60.71117729035356
50.133431265640944,1,62.3466496341879
51.85860410743703,1,63.68318005231753
46.20627562050807,0,51.25880109810317
48.29456595998383,0,47.01390030706181
53.12383848959512,1,68.31483890115206
58.843662587481134,1,62.994485053592854
33.3820854522946,0,35.597165035368356
46.86401476823257,0,54.622678836392204
51.81737474849904,1,64.47236649544674
42.19720311080874,0,49.07533371709096
64.71494187002205,1,71.04843268777789
44.599016018055735,0,55.57507489808933
49.6490121604381,0,50.48201304017351
54.72618782315947,1,58.61828357856596
44.9740792951839,0,55.37222097200244
34.30412909366245,0,29.103201517296284
46.35643652120947,0,51.99272065434743
58.750244725379844,1,57.47330933088506
47.13639142232632,0,51.24087467739973
42.80530843759868,0,48.52523938611482
57.86821378077313,1,61.36287472517411
47.188413383804054,0,50.974314909093565
45.66363308397315,0,47.68677339048372
51.270376762138135,1,68.66668837108084
56.55137678175969,1,69.65746032684655
70.24456501972664,1,64.25938022551142
57.031506915088094,1,68.73956600891019
59.85863971430093,1,62.09852449716176
45.69928730860323,0,52.61910706390745
41.28012109925945,0,48.04291888741338
50.529816471762544,1,56.43475909683254
50.91094427970657,1,63.22990660969216
40.83264169840093,0,48.3573097716867
48.50999649581589,0,52.16483656180586
53.39419961461261,1,55.424904721014734
53.063343857653685,1,56.89723845102189
54.28644675376631,1,54.530121987532816
52.473200206168265,1,60.208627464131965
45.69042639620453,0,47.308987483379596
45.631844673484835,0,50.988979132183545
39.80891311705206,0,52.27866727274906
65.17058783307331,1,70.9530805939463
50.11432809926399,1,58.6992939666201
48.08874902574376,0,53.44662652107143
42.1052673076541,0,56.601729788328996
74.95309216978612,1,74.24363402128678
40.87671172610539,0,46.586599699979935
46.35479263234838,0,46.88527214619417
53.534613108431515,1,62.29093821677848
55.10181020882636,1,64.81435035489227
58.14242246933331,1,60.39427913994216
65.36467231603874,1,67.41611041699439
54.302340071416054,1,59.64927734904473
41.023738200283326,0,47.30789077566182
47.815966436464855,0,43.66153266963433
52.61657516636802,1,59.349079646872276
67.5799213527995,1,71.2661947962848
38.118653433393476,0,42.389462455614364
60.22190029441443,1,64.06996606850423
51.529272141144546,1,56.62046859264228
57.12155954945059,1,63.89454395920911
49.13304490859458,0,53.60213418150617
42.83932264392623,0,45.993914980134804
56.382418624911324,1,67.43862279805597
55.56266373039778,1,65.4352412611349
58.26248420878763,1,60.555868091928104
49.8869105992816,0,56.92310703588955
44.90151280178128,0,53.634370621149955
36.75031054229735,0,45.823057419496216
56.96467277918495,1,55.603096611071116
53.60306060077388,1,64.77691938787878
41.79084762065634,0,46.50825183919532
45.422123776978694,0,50.45963910853386
46.032550098412756,0,62.90372204981641
37.39463232814945,0,45.25937670563895
43.04969962885637,0,48.392056795331996
40.36244196714599,0,38.555469455039024
46.49392839895254,0,58.24947624476294
43.72107126419871,0,45.13665667085487
36.170458172632635,0,38.497182885666405
67.19201695984059,1,65.85700236239214
60.64659621374846,1,69.71675062961484
43.378334917080124,0,53.31709592143259
52.315581871555686,1,59.44377827419839
53.54845326348101,1,61.955707615314424
60.124229765574555,1,61.41436158164527
43.04185727338933,0,50.489051019169445
59.28290766385062,1,63.730471055726156
45.34280491424105,0,55.704914502878225
38.645169564566785,0,49.38983012727888
56.155160754173224,1,63.97731314487955
60.97144660504064,1,62.74821912329625
71.99722627501082,1,72.98944201519095
39.802335246733186,0,46.4234021421023
55.94081732318671,1,57.57226881715626
46.51668942775497,0,51.09372840910858
56.658549039454265,1,62.57580086083951
37.50083881453437,0,47.82156505223995
39.266456906562205,0,45.47932714472372
43.40506400308489,0,45.41042847299105
50.67119438817872,1,59.3830770246695
44.55080923442398,0,51.658001237461015
55.601961923264064,1,62.48169832993086
58.72860425519227,1,66.86633040664654
55.096409100585525,1,65.5701231345825
63.75969493711738,1,63.101591451415516
53.53452635037041,1,58.250827030833044
39.65637796210858,0,42.47483944646847
61.58870036507589,1,67.27218276052277
44.85617199734902,0,57.244048947491834
57.73855724732734,1,61.47624040109837
63.376740840718405,1,64.3330625583512
53.88184809120839,1,66.75945520201012
37.282650088100475,0,45.93746184602782
42.195196584666775,0,50.910621795033855
61.24332796852365,1,59.55679257018597
48.56245717203606,0,56.81990327735976
50.676375047008406,1,55.44257213321465
56.45000753739068,1,57.60405335307062
55.91874432768275,1,60.50235862110441
52.36979840527641,1,57.76112331028469
48.22631884462604,0,52.999413405081434
47.342318211274964,0,47.5261293359806
57.29214001497642,1,66.36680053322462
54.70534101407624,1,65.81393495131917
47.81294999474879,0,45.82142174903392
59.197954660441695,1,67.31265285131461
48.90321002139684,0,51.081107578897516
42.76087151815766,0,53.108667145263375
43.54874905932157,0,50.096937743402925
41.68070289136699,0,48.797471218993934
47.68451485886866,0,52.78368904232875
60.48665636585764,1,68.82756981005858
43.15669096124068,0,45.072960260236734
51.602043968653874,1,62.11614542184049
44.41814056216699,0,55.501890245859734
47.78737314919278,0,56.45893224987687
37.16464969812536,0,53.06910451015325
48.12542505216943,0,51.70346385441781
48.353504271657826,0,57.79842584831518
54.59244752430341,1,60.82317603704538
51.89788776267065,1,64.7817453685632
39.81366693790762,0,46.77254946687376
59.215685074370114,1,61.85531392039163
51.78757584188696,1,65.0117589441651
51.686344896008634,1,57.76530057423392
49.92194999622632,0,49.30217534735459
45.59906169861113,0,49.95890636339844
51.85131988786417,1,62.29868553247442
54.04250170539295,1,66.54155964669918
35.151386623562786,0,41.59120875449464
45.420532882558184,0,57.16251602126084
47.83295075156949,0,48.19154088571735
52.17745014840136,1,58.22745885291791
60.14314355038057,1,62.67011559556596
43.44020307592735,0,49.81928300061679
45.767324302048344,0,52.49012363783981
45.64346005950433,0,54.82368591671885
43.1870154841114,0,48.27861224076613
47.04891479154577,0,53.64197970537488
56.55181886989776,1,62.007327574188835
41.04239828940306,0,44.35892709446052
53.63642235879968,1,60.31287638377058
35.53383104484415,0,41.092941935123314
45.22862703024125,0,51.08105141933016
47.19934094814712,0,53.318003276068985
64.23630721976956,1,66.0070454290648
47.66418040960215,0,51.78111455402129
31.289430475667196,0,40.33808732277432
33.00944429167938,0,33.34515113543311
50.289251483946785,1,56.048427560492215
55.217052274214225,1,72.6728192557503
53.19137478983165,1,56.38633823174786
51.42434589930842,1,54.170602251009925
59.87920657879817,1,66.64354905921257
45.41347462373438,0,43.57582056671695
57.606739726228014,1,61.735083304774456
36.12787347727545,0,51.03873783637269
42.30794342002644,0,43.089945566489206
34.640148143079564,0,32.50546830539537
47.663814944306765,0,47.51332258014409
49.60677965323609,0,58.35515633140733
50.96986268392542,1,63.82737112863982
50.52600849954065,1,57.021172407002005
42.11579668810031,0,51.824874052847385
48.38295282248767,0,59.54945621883237
37.27170331685114,0,51.051211878271495
61.58744628862413,1,63.49100987615018
47.41917838036699,0,44.13711559189862
45.84446798812863,0,48.92825861801214
63.5059927917747,1,63.652027782760214
39.44090446483155,0,45.36772948400965
40.43250953072826,0,46.69712592199296
40.6821272386172,0,52.178011761254
49.423093255554406,0,59.74648133575335
53.66886885191958,1,60.09741030122616
56.28724147900159,1,66.45760876906266
71.86196019870724,1,71.36305263345142
30.879824139293508,0,34.807213800715864
55.17425250755755,1,65.15839964184725
45.26439013313603,0,52.058151865308425
45.01547123444543,0,59.80592292178878
44.73193690984204,0,45.596129217150825
42.27545779813223,0,47.17910667417827
64.31846109412935,1,65.23749962437134
57.159527279618175,1,64.22813916554786
50.197165817737684,1,63.94956215600716
61.4836338961395,1,64.33167384918684
37.14350379495956,0,38.05531937841725
38.68900638368713,0,48.940824555673196
31.487274276345154,0,38.59903436122696
44.05497640895206,0,43.0303432328959
51.3744374769904,1,59.54240798589866
50.87429791242484,1,52.912879627419244
51.269406244008984,1,56.83989122888014
38.006016935938305,0,41.17183901420507
56.82681531221919,1,65.55315012481054
52.036833905031486,1,60.39141575298416
56.23096139246099,1,56.894797798119356
33.91152149048456,0,42.902425658154925
52.64767229978121,1,54.51750786966845
39.90399546070102,0,48.21937344704211
46.62275235331342,0,49.52726160139677
54.54210163840926,1,59.75994568279785
50.774295653175265,1,61.23289948587238
42.76191017187579,0,51.767492972279626
50.05332182756756,1,64.13982681830771
36.98194982042904,0,43.215028559667346
59.777272865135515,1,64.8855707167099
48.255085834281864,0,52.15377493698548
59.50767452617027,1,64.26635340126737
45.52448065968363,0,53.72735554944138
45.549604098544044,0,51.59536039080936
43.50441231357831,0,43.117722501495095
57.44747841939114,1,63.92893356735395
43.96983516270795,0,52.185066583378685
55.479061175529004,1,58.95868214278079
46.74915461981103,0,47.73624723233144
33.20431195092123,0,44.22568575597958
45.15233042381504,0,53.64772191715658
39.97758017791579,0,46.06011997803742
50.288173151299866,1,54.38353866720476
39.88153424676683,0,43.58792979009695
57.87078835607424,1,68.00738991193188
49.22585518699927,0,55.076939400231964
48.49043404455072,0,51.85601032669063
55.57508317119445,1,63.764224661893664
58.19320893964483,1,59.686402143825
49.82916060995796,0,60.90042820257092
43.44479745383103,0,55.692679648711845
34.9212582630469,0,38.96171680126412
44.16857706520097,0,48.377232642138935
44.75369590349233,0,40.894630279695875
50.909988350434524,1,53.367625513116025
47.06625151032677,0,47.7401433924604
55.847430262437136,1,62.39630186747289
44.78964219419914,0,50.0909081218118
49.515150081749994,0,49.324164918616205
60.06389326717356,1,62.664095930787205
52.905514318617215,1,62.4102911754111
49.489680895647204,0,56.80119310315018
44.883472243551,0,43.8717469560566
44.6175331279227,0,50.74493412206777
42.76978734990844,0,44.155386469829594
45.401441640845356,0,55.481956431671506
56.423159629326676,1,65.26412683162663
48.113949694015716,0,50.219548609118604
38.526928910259535,0,42.322398156320155
65.02943899100816,1,64.2417898187864
52.71970412473389,1,51.27975557887537
38.04098109563806,0,46.16801107478893
46.244284118452995,0,51.41712331822187
50.942534254041554,1,63.19331398035983
64.4890327930277,1,61.43165806732839
40.58104410479961,0,45.12357423329248
58.29634611452555,1,56.964782345717374
61.89563462926492,1,60.599279244978995
44.65643840686615,0,46.56134120727584
47.641134239688014,0,57.47854888740957
41.19137139732295,0,45.41615709390477
48.27058030081741,0,54.4116012778298
49.68898521808509,0,53.2888715202251
55.60702498370015,1,56.66291185860119
59.2665595036738,1,62.75655281232401
43.641183450716,0,52.84604724307391
33.277736954079046,0,33.6030360489243
49.81941937615194,0,58.1276107038816
52.495069004733445,1,56.77254353989317
52.12005034532285,1,58.03743970431788
47.223277396173124,0,55.330341576234176
51.06039284714344,1,56.726220754904006
62.881280870994104,1,65.21883570846394
53.24474043618133,1,59.30723670515375
46.826368387473785,0,53.4462316853167
45.74831855468404,0,42.61645439684459
48.55625495973929,0,46.78225504799789
63.912289675560444,1,68.01433915162688
48.44194396902732,0,58.17558780450315
49.83174807157398,0,51.256675016649375
45.900334647041426,0,51.27752647688302
59.3413585382567,1,64.6423454916677
66.65861666532973,1,69.67686003518993
53.8302109201668,1,52.755455314728046
50.703569682176116,1,55.630729804045906
50.312654081980995,1,57.6158239225352
29.733392295321163,0,35.32945886025996
56.333782346420946,1,72.0792848966157
51.14041453596467,1,58.51345921502263
53.64090743061617,1,55.14192381731434
43.95257135028851,0,52.32146277415746
46.73211652869472,0,58.14561817392558
46.50628803972303,0,53.13141679410323
58.68379536462083,1,59.53997364053302
46.78054138887371,0,56.728142187601975
67.70261273793328,1,70.10885714876565
53.66233056162782,1,56.67644578978707
39.15669739003628,0,47.6186000896728
48.907356507358365,0,58.31491589098522
44.460761461670465,0,55.85878891236752
31.347749006529792,0,35.079637122310224
63.59550299096721,1,63.96889924852159
55.97671160887003,1,66.82605333051926
54.53226220214415,1,56.377143806243744
51.405931112547485,1,61.32961570826329
38.25285066611428,0,39.591144152542874
45.889254313778785,0,56.50685206261631
57.15513658566411,1,61.43611730875376
41.06462974684873,0,53.1587944269507
28.479960811868086,0,32.12385108596522
48.069598933862125,0,48.889384946064766
48.79506079076592,0,59.95289451263467
51.15228903952503,1,65.63720292639343
56.192408469873556,1,65.54812902058009
55.41964940396527,1,58.60444378343104
52.199543344573335,1,58.788421010814226
60.16201679873703,1,64.41461855548008
37.08875686308683,0,40.86175612809058
54.28894542305782,1,67.86627543990471
55.32557608836401,1,62.18274648706013
39.46372056831797,0,35.614809423628884
37.22559982619969,0,45.20270648867299
43.659491924957386,0,49.072584239933214
44.376897738620016,0,50.76324401332721
56.40406543977066,1,60.64410292768661
44.77642033862569,0,54.61348636799747
42.72103759460977,0,54.12379256401842
44.80111323809625,0,52.53719538171723
59.5083748403108,1,62.18146451784258
50.11086868220409,1,58.66098869350678
48.476366284466245,0,54.127627814370186
49.06495326104106,0,51.2157283496236
60.982512841775446,1,66.51831959837382
43.632040323872445,0,52.28201655196768
61.181820472990886,1,70.4544094960615
51.78921854083278,1,64.80977461618012
48.63643525320954,0,51.41000420530557
71.2576542324414,1,72.82050606220902
41.02706433671193,0,44.24349989175184
46.99367104368045,0,55.83077520177992
39.524334467106,0,44.42725285295084
58.09592674955744,1,58.80670253982816
64.35810593603927,1,66.8827159853686
64.19434364193943,1,54.98608066049604
60.40356440174104,1,56.93773454626459
48.32022602373429,0,53.23747361073869
46.895451691336305,0,53.30750361821725
35.795056933800446,0,40.539913366632696
67.30492504904524,1,60.92437352665951
53.98631366426198,1,57.673533031110104
45.81836630860939,0,53.75700603967996
61.288483556389224,1,66.66801424656587
41.73150160753999,0,48.66583688862058
53.45628729089273,1,65.30256294003772
48.532652358527905,0,55.675303192659136
55.428755688982555,1,58.66535645612792
49.45962491691797,0,53.549307761872754
37.66711292555459,0,38.76938487183622
50.642399167695324,1,58.70682594027299
58.915345205940575,1,67.71966978437978
49.75166055024113,0,57.59122392389879
56.58847853350723,1,67.81300018376568
41.11299937177055,0,46.9206347108974
49.776783257206255,0,60.24971618570001
44.69166113174709,0,50.544312438832584
56.349337140890036,1,67.9792152323636
50.26767827922696,1,58.83211479264681
55.865626248861204,1,64.69312278620063
59.24553862234186,1,69.32072711306958
55.8787578885318,1,61.09673163583341
52.321506691495976,1,60.95187482162056
41.515195802653054,0,53.679274051140936
49.97631805933134,0,54.45376976072302
45.46873158286542,0,46.64316502464765
47.07545636801407,0,61.67650096161138
46.816459718622866,0,51.042661566058385
41.67063261435092,0,49.30778942780452
33.362621992361085,0,43.186932028722154
44.32078408921398,0,48.58310516184568
51.64372534135535,1,55.67645659264079
38.540495113866335,0,46.417009935819834
50.133299010008805,1,51.66740846923481
66.1522816066432,1,65.49333609514744
58.695980719644034,1,64.15223726069176
63.9701028275245,1,64.49802650262984
53.324586953928176,1,54.43352835109012
59.92383349538479,1,70.10243667680544
43.84629979102381,0,51.03739785592084
44.523107730313136,0,56.90638448943145
26.717308247831483,0,25.54839966400835
60.08223652935954,1,60.27695878952525
63.09275382846903,1,66.2432541942364
45.29799341454821,0,50.93203653787257
47.8414104956235,0,48.918878852450604
43.59217203362683,0,56.286982827873004
53.25255518755868,1,58.08097007032751
59.56192663507755,1,56.20175941165115
35.18643822201115,0,46.50754701869401
53.480227510459144,1,58.67034091929084
47.648289940387265,0,51.068217177185616
50.96385233171686,1,52.26327359601209
53.901449014231474,1,67.86600836031124
48.40027927043102,0,48.841811689441954
49.11951174605087,0,54.693534773502456
48.18206107578557,0,57.50714035171889
58.24768771520039,1,64.6556368802531
53.55945966108372,1,60.48956098999832
51.874960070767564,1,53.028876168183956
39.1969103707156,0,42.89824898008849
46.78207218268819,0,53.64845785331475
57.63868786288298,1,59.54213016213506
50.320420871553345,1,59.7641667686341
55.60601749150768,1,64.467264015514
65.01535030278488,1,69.92999658485503
58.82815158827494,1,58.32714617553744
50.79184587044781,1,68.01253469549866
45.65659205333632,0,55.13992510764334
28.294828433524863,0,29.79051312545848
48.568728158980754,0,58.46718913329931
47.228893785556785,0,62.67314221116368
53.318112652360696,1,54.84910511066747
48.691805570715154,0,53.28724277839823
47.276726994787246,0,43.73096812923779
34.875109090688625,0,41.534234104693574
42.01027345222443,0,50.45519006984162
54.05153384680474,1,60.82130076381243
64.5852148646279,1,63.25341263161816
49.1710342381622,0,46.293969888528366
52.78639412538005,1,61.82032809670419
58.09606433409885,1,68.72151603019947
43.10740154229788,0,47.624021914301906
53.117919367926255,1,62.26032532277305
43.70583409617665,0,44.231998849021565
57.3510077271736,1,64.38751153060814
51.286925907589726,1,57.934849368576366
52.53684041884224,1,57.14406205272219
43.34791192194199,0,47.15636008528292
56.00977505669167,1,60.35818647589642
67.72005983046364,1,68.9938153592201
41.432750588860245,0,43.19562264278246
47.11204843499605,0,51.54162063151424
51.96866353042878,1,59.720991376539814
56.68445280196444,1,57.85362320090659
45.243856575039516,0,58.93986712447801
25.91924253378671,0,21.457310900018264
61.553110700394214,1,61.78302533084279
56.46430201646521,1,58.233603944609456
35.18494599086335,0,48.38675338568336
44.83566526987377,0,53.64409746259026
63.32955065098227,1,61.53038531329648
62.30626955689186,1,69.22888092070869
57.97844019277103,1,63.648962105572465
48.50304431134117,0,55.095549879955854
50.705393059906335,1,57.79803880491634
48.88713065642793,0,51.31534814119362
59.590038157785116,1,64.92654711634229
42.555339544791565,0,47.31520767358821
43.15070293348426,0,57.293091131328026
58.58733398810613,1,58.045726297685874
49.62292762815173,0,60.916224107957966
61.71697252135737,1,64.08989305231383
44.29214624066536,0,52.18995698183386
49.53438393711998,0,58.04995898162991
42.1594896288264,0,46.61160034360197
50.06258279210032,1,62.254484587522796
37.43235103551021,0,33.2675445043458
45.85511592188281,0,49.339805773015584
37.791842148111,0,40.83352074729354
55.89834748212569,1,56.865730132434535
56.091009387957044,1,61.11126977822578
35.292766790883064,0,42.88351212717913
61.338028836754866,1,67.17395072121182
71.22802857456875,1,70.48387095305475
50.391054287258896,1,56.32959476163386
44.55052878809052,0,52.68001622152012
74.00681002352589,1,71.93421041096941
38.788767764428655,0,49.42752982910855
50.17090496838733,1,61.969854161074764
51.526789317371346,1,59.7647925001217
61.43375477384552,1,60.817651274558386
53.0577812885777,1,57.85691292158688
45.76161188579816,0,49.950281624062534
41.914932851702375,0,47.643116122405175
47.09451452790785,0,54.190018909469416
41.441117431966276,0,51.31306275085349
50.40651521816981,1,58.7969891287608
45.204332471185865,0,51.78697582370822
37.30067875703712,0,44.510513780050154
60.66873920118668,1,61.997460922142324
45.76978355085316,0,48.45403083868891
39.220837157709845,0,39.14167807147877
48.569797356855894,0,51.329136062633665
50.5811583107251,1,60.99630876642597
35.155032832578215,0,38.34006284694581
52.819005170568985,1,59.392174121625736
41.099160666132754,0,49.984263201760584
64.5437448781217,1,67.93434739027074
54.45366435265225,1,56.86070980760404
46.600850084070814,0,56.755796910765255
43.666073952302526,0,54.980211257634295
49.1077744857092,0,49.932969131663555
55.20872130345796,1,58.25358196893048
49.7832999070258,0,59.633633204843534
48.15415013933672,0,53.25082401847708
50.49614747195211,1,50.17494532505987
44.86719908448588,0,45.85879527718676
47.08274962183418,0,52.11210261533612
32.27076426930746,0,32.20902286790474
58.27667296224513,1,61.3282487338249
52.53978113273497,1,60.324887625458786
43.42562532571584,0,56.113977442488746
66.13924734151954,1,65.47654085360436
50.73964008333529,1,63.48594755300728
41.19277963821082,0,53.92562606797937
57.282268082498895,1,68.26422263982265
53.38340984032873,1,61.77671807356355
53.353929876615865,1,52.76933257005135
46.38107736046148,0,54.451799068769525
53.829213652113296,1,65.05925822938354
47.775054533120695,0,53.26100139780906
54.725502338989656,1,68.29144241175675
33.80797214090957,0,42.668763806428714
46.312075564676896,0,54.83124771111164
64.63831833136966,1,70.24266047714084
43.47992662909745,0,51.64517644848042
44.86737447130792,0,41.486418467718785
46.192328623175214,0,50.47376345062242
39.67414784494653,0,51.44332465794655
31.229613402059858,0,31.915830609430603
48.04001561254929,0,52.86873158656109
51.154805104694084,1,55.25430419426724
49.55370691742146,0,61.86488242275289
48.76853222344296,0,60.96340770209224
50.3658474022283,1,55.442049679247
58.694152508181496,1,63.76044724006961
48.38120741960166,0,51.26531990501579
45.120298094758205,0,54.1166885644914
47.61043337845127,0,55.512519659536075
54.924447457932594,1,64.6574473951616
62.00222846761762,1,65.99268998696893
44.66077821706198,0,63.03437904721894
50.84093718974551,1,55.14255696847662
52.87603825645566,1,53.531030308683
41.56308694280501,0,46.99749276230548
50.1735459213098,1,52.591725331187
37.54177221259219,0,38.26029783505036
34.96307241821511,0,36.88095320156741
53.11734446708419,1,56.81103043259099
46.73706469868834,0,49.04669538674739
51.719383464780364,1,61.822703177209355
49.847892695429024,0,52.88363056380914
41.700599586357725,0,47.98326919771579
49.61533843330314,0,58.34388623204
39.518638907373735,0,43.422273730843166
61.82326504301191,1,63.52531621034977
38.474252068690305,0,46.78939151454565
48.33582519676706,0,46.191377301377386
41.14069150159839,0,38.61981084865248
54.848579973566764,1,62.75797835624061
47.18283334410722,0,55.14753158910795
45.591332883219714,0,60.277290893961116
57.25221313293821,1,63.14550206081755
50.25016002925919,1,62.188124013496655
54.391477790455724,1,60.36606493623907
41.65872953960155,0,49.85031529305256
38.05905597661619,0,51.51436220740449
50.91126767734114,1,50.79871156454563
47.28980597829479,0,54.90821794970906
55.32469471585853,1,70.14736201009116
49.32077815236833,0,55.71352695659295
51.74314038349436,1,66.36524630657239
36.20124849549943,0,40.03413796589694
66.05171398672118,1,66.46589801083073
48.60394312722773,0,54.26586962418414
55.92948924788319,1,53.02418358018308
42.893220803133175,0,45.12615791360946
52.618084168847396,1,55.84950736491909
38.925819510039666,0,49.125139156970675
53.8425766252072,1,64.36104605212786
46.974220282720424,0,54.32949677157388
50.248119283452326,1,62.20436734731781
55.93277925610583,1,61.23951245286383
39.523407354627615,0,51.30043605727078
44.181820289791226,0,50.938001490751184
53.88725638923751,1,61.126518293237936
67.83488253364735,1,66.46380024479119
48.8263001553774,0,57.01211000626794
55.02465700235343,1,59.77472046993274
49.09074250620292,0,58.34739391071537
66.50908755542855,1,62.29838206647007
