score,above_cutoff,treatment,outcome,education,income
49.03346090381859,0,0,51.16889949029377,9.382116656936756,39.151982047316515
66.1278023269704,1,1,58.872795882438425,11.241274886845542,54.865191267031975
43.00755935770925,0,0,47.30928152313616,14.56654142421816,40.467973313283125
50.599628576957066,1,0,46.32112697545871,14.770080410652568,24.579420396916973
64.19844487373054,1,0,48.705756291172904,10.32878727896913,55.09928193115612
52.705134754664,1,1,47.66919564581805,14.671196961178264,52.05207765402907
33.93397264641994,0,0,37.37884729306841,12.708625977699834,54.606491053148076
55.053890117321366,1,1,48.670944194487376,14.713634612733944,42.42954238174906
38.369971422165555,0,0,34.75514007657201,11.382056495797084,39.48246343790403
64.06807528732965,1,1,60.48970577081292,14.712409251581693,56.22440983051151
41.771323950020225,0,1,42.35618169171606,14.440797267471856,67.4053672653738
79.69509507745664,1,0,60.4003185298936,13.188182981412275,53.103525621821596
64.67375988327679,1,1,57.17141430118081,13.475717888844876,56.562397140893424
42.03387430372021,0,0,38.66432465057783,11.463972970102299,45.344335217263534
50.20013805001611,1,1,54.55326689024301,16.30928203887224,31.496447542517394
57.536442816334635,1,1,47.94965436334887,12.985549405838507,62.362797311482154
57.83660474226708,1,0,49.964803425456616,11.39104949191365,61.68463134326065
54.42336259976197,1,1,51.84615212538732,11.701049050243359,58.971624562078524
62.5215903696611,1,0,51.043776773373956,13.62918891337406,49.06881377685709
48.77031053365631,0,1,42.847504813740215,14.469771659566112,57.041704250228115
46.33282331423967,0,0,46.649681864573694,10.218331009126146,60.35842390007794
46.531360120753895,0,0,46.23972274171534,16.591260809507514,69.09504023155588
58.58373231972127,1,1,50.23959204549577,13.87486255770287,62.720686487741425
53.65181040302646,1,1,53.30585403033468,14.042466258029618,51.13103574070631
52.91283665690256,1,1,51.60604907365438,12.893006012060205,34.5922446005978
57.95234249257182,1,1,47.50372266484148,13.277088209479405,52.66313382131808
29.489475921461448,0,0,31.329022302445296,12.088118001789038,51.02787634233784
53.1006882387515,1,0,51.103469898934065,15.128612585234466,58.8184261276948
52.185688888737154,1,0,47.33050918493678,13.049713491755375,66.46527120075483
66.68808081300705,1,1,54.73682862326102,15.03474286137563,50.52700193661935
34.714120177363334,0,0,33.923156523991096,11.673728558615757,73.68325829549367
65.57186632376758,1,1,54.37435796942211,13.85843704633766,30.44574239188983
50.75409128924666,1,0,43.599127525112515,11.414782050198557,55.10751159846417
54.88989530660045,1,0,44.06109552278322,15.579753324297087,40.90674482445171
66.75918787609376,1,1,50.06253748851367,11.835281154844582,28.78925479134374
55.60761268005573,1,1,56.013859485631,12.51826949187902,48.13946875241567
54.00368289462561,1,1,54.53437613775858,12.490189661929278,32.914295908411084
52.422911858023184,1,1,44.76843412178415,12.36478458039316,48.30515640940851
45.16521865005623,0,0,43.127854507282784,14.299948098387562,49.9337528421391
49.71510875489607,0,0,41.248601566588974,12.358137733173594,63.394007787521
42.84487233877251,0,1,44.026167276480116,15.57319523124532,31.19346561671
49.55433100574518,0,0,43.398099183377965,11.34967975791202,60.856775088323786
26.640693029449032,0,0,31.60900965185303,12.637975730768884,48.84103470630243
54.290395675675484,1,0,55.15698617414289,11.577139891645064,62.77522941088269
48.782627462163745,0,0,42.63001099237711,13.805424388927847,44.69724864584284
46.63796263333236,0,0,40.08592601639848,12.86723942504643,33.676861222171894
52.19758083940143,1,1,46.698464701712524,12.755803335785085,35.60976616934975
35.664360770345596,0,0,42.00728821077982,14.946880756117416,33.064746633029166
69.29269996621282,1,1,51.68794065633467,12.270097256876179,57.66303983166914
48.972325385124,0,0,41.435671026819925,14.14220007678972,67.6202968050888
48.54155567027811,0,1,53.70806919558519,11.41832684475876,43.07473724716517
40.34603789867078,0,0,41.148963701325975,12.93575153728087,56.58422736896048
50.23946382449261,1,0,45.88741993239076,10.616033258287887,31.742641684821823
63.869598902732804,1,0,60.46338529194121,12.091053674468503,53.55081488040087
60.35916209432034,1,0,51.164972858954165,13.146488771683881,59.05866760547755
58.544377511405564,1,1,50.08944411026445,16.88562965998832,33.47694044781814
55.46398951667272,1,0,46.60368653083096,13.36552742641973,48.099797323909016
46.4145747243739,0,0,38.665558126064674,16.20177387346463,58.23246315826417
35.49836832963298,0,0,42.77293232487928,13.005597633270826,13.344589066209572
47.98961228133365,0,0,46.293053010813686,12.165519879490132,65.82439796855428
47.641285354663225,0,0,48.31829927721517,16.007951605841285,54.0082810461589
60.48794439671241,1,1,58.74590791255368,14.18867357604821,59.649526212279355
53.0939044245982,1,1,48.54010908858897,11.807373944972518,45.35675909212265
66.12311527903549,1,1,52.932546231482185,14.424836377171658,30.939641749119286
61.974885400381744,1,1,54.43059025495868,12.774057062196233,57.60624401584159
45.435043904959045,0,0,39.22647766932537,8.88498292480618,48.55242048549776
32.04870803380132,0,0,36.68418151853676,14.333407559545273,48.59025626856798
63.85575233941481,1,1,60.10626369304616,15.605540681466302,64.43685905632893
63.59385223230744,1,1,54.77436753195705,17.083699626953774,60.50415170958192
36.33788409097774,0,0,38.768922405119824,13.434423907119859,71.68863741417313
65.092400198275,1,1,55.82081763424403,12.955325157783184,53.35549076630949
53.82117170592518,1,0,50.12149614271338,14.784614005934927,42.08756791709911
51.60685498125653,1,1,46.782297913475105,14.747846380075508,47.899683335220935
66.14783254247327,1,1,47.93813122466423,16.760997342547043,56.6027437247106
63.44685173230615,1,1,57.2569013036546,13.3141503058363,63.53496340114634
56.51330951995204,1,1,55.85799244520799,12.864241340463373,33.04692353473058
54.73217065811983,1,1,52.801582308094055,11.71087628022654,50.57566844796201
56.163942905303585,1,0,45.52104947077974,14.25984246060951,69.93089417499078
45.99942566117474,0,0,38.459664437843095,9.783459433373572,46.717436114087235
49.44898550267679,0,0,46.70248287845968,14.535644310805433,61.117040808696935
40.976828454054576,0,0,41.05433003876599,13.904975097353217,55.01509317199752
46.669602242610814,0,0,42.831630610672086,14.070228472195067,61.13728750256084
46.33366121331067,0,0,50.4566839786305,13.166460309403002,39.916239622131876
43.64694630378335,0,0,38.03627277516635,15.875364884175669,39.69987458959137
51.36746502648463,1,1,56.43388059775218,14.785010881648265,50.38000920811592
46.76019149299423,0,0,43.50723136597968,11.688651362038428,31.289357702415685
55.022347203519736,1,1,43.81889169427637,11.9723123167103,47.26534744101208
33.776793867062345,0,0,36.171586316254604,10.753956189182597,51.41219927689424
48.866452058927,0,0,48.27121033586126,14.068560227318985,71.30227248928998
51.31551640177496,1,1,47.84753806966759,11.039187649573336,54.96416991141536
46.89370760163119,0,0,37.547739635862015,15.07359551521564,57.19211241064035
48.27607300190769,0,0,43.479978373769164,15.594228806748317,63.80131746479084
34.147539892701424,0,0,33.64508045078389,10.76639365888014,36.83886292252946
53.56477104669492,1,0,48.74964312769931,12.73584606221514,48.375485156217664
56.4760598256707,1,1,54.981629177105795,13.22752375749495,79.75255708421378
54.93537294203767,1,1,46.89260484002641,14.916027509200465,49.54407062558966
60.38727059442183,1,1,51.02041907674832,16.530304869052408,64.43589604482867
52.01529605782502,1,1,52.68421788934026,9.689474095997594,61.766384131859795
54.78681180650937,1,0,43.958028790058854,12.507242919141916,32.74131660799867
51.56090738456852,1,1,45.10182114897228,12.514793830416362,53.88184206252805
56.87550719592494,1,1,47.37298907077745,10.404925506104652,52.4485203860552
34.227703638678776,0,0,38.52200627117187,11.55661107055224,52.382275817953094
41.06419032021989,0,1,45.418726038179805,13.587463598307819,40.05706927452927
65.8689965703309,1,1,53.848314163649285,12.918712091430812,38.18386551408719
25.39564177903795,0,0,32.71816247403191,9.172626916156311,41.827444177653575
48.59822070174656,0,0,50.4076398874938,18.706112017072222,48.686282105164224
61.72274959608068,1,0,46.965134170367456,13.884038218290781,65.39208833081186
49.06739334458236,0,0,36.72672623624938,13.19541006055082,71.71446917116552
45.94988928549302,0,0,44.79524694562799,10.682643952430698,66.35416308322743
51.29421676815301,1,0,45.20550372847015,13.56023882698714,60.45164420619743
46.46879819997554,0,0,40.394298752727366,12.565636377916277,37.594796672402474
50.30849492756939,1,1,51.412568413204326,9.232208022396268,45.124095392883
43.166189634798705,0,0,44.939995396074515,10.654474809015129,51.83573159243584
61.086744199557245,1,1,45.36026002025825,14.922454361334609,43.51940596304163
64.2326492106566,1,1,53.15593296800235,17.31501477632058,58.34973275140107
48.66609677888378,0,1,57.2531133142293,13.694313713452603,58.51244297693983
36.13510579308757,0,0,40.40117255973655,14.790219730379363,55.04899133009438
44.761568296866045,0,1,48.73519870162162,12.531336431739561,61.777772084377574
48.16011339897036,0,0,48.771633814011096,12.771711080607904,38.96091677534015
55.05538876903208,1,0,47.59596968531494,15.333619718309894,61.699483326009585
39.91986776829322,0,0,43.14667052451309,16.023150611407736,40.64424137538697
42.30837681357849,0,0,44.026436582138054,15.3714446913386,37.93960624964322
55.106761378588075,1,0,49.709546676305074,11.020476690588003,56.896069748095385
59.38908832039558,1,1,52.05649627772817,13.147754868981375,65.52939157842732
43.78405954829316,0,0,42.58026546361162,13.368571155401385,55.23456779134143
36.66782946049004,0,0,35.98046847301791,12.080678956799643,48.916431231319535
82.84118201287885,1,1,65.1218482247054,14.760950547217556,57.005964114505964
57.833042370887135,1,0,44.2425576170465,14.876144894464508,52.42042725389607
47.32996238232968,0,0,40.502485226073034,14.925518375380172,36.22158548460824
58.690312755308405,1,0,48.215908209954485,16.632449687102298,35.95758953619186
48.75543370285578,0,1,44.25289512570758,12.303780801636005,48.92963281660412
58.67156889100186,1,1,50.96571536252023,10.532080737051428,51.825438918331834
51.593931977762225,1,1,48.791262081859045,13.764287147361774,50.295381738189036
50.91271898167573,1,1,50.71540886949538,16.795003631819878,58.20449126196654
48.864181317692115,0,0,48.2291198662577,12.011973719622645,47.300697537797134
35.5261866653691,0,0,35.90795584717212,13.939479554088512,55.30836884939518
69.3809489939314,1,0,60.03089296604019,14.972920054763227,50.203053691475766
40.58466079732256,0,0,44.04677471316325,13.100423918608895,70.93877362416984
36.39976423689406,0,0,40.2162574462228,12.60584236919425,49.608541144406765
47.87140117243633,0,0,44.55029710340464,11.089283623730305,77.87581145555176
40.385281864894935,0,0,41.46912429992163,8.148234311105693,53.262667279579865
49.48287209439729,0,0,49.48964064986417,10.76078474950386,47.38416116238114
56.87763848561769,1,1,56.98313788184594,12.425720856345132,39.89438813344568
59.95302900529223,1,1,58.966301416180684,15.493436245004181,33.6806400118369
58.14730721621682,1,0,49.23896093561642,13.038163091783753,38.9174233088678
46.9436794521432,0,0,45.691708386066054,11.870258945727999,39.13909223524644
50.49591827661586,1,1,54.272145164796136,11.232906664391615,54.78743207260771
54.078790508974905,1,1,48.19453111482188,14.435975372288206,44.09389459817524
32.42212576057928,0,0,34.93739546541642,15.189378105678589,50.485337206711904
55.7058470011986,1,1,51.567070152653216,15.298046853770877,65.9543250486401
35.42700712416168,0,0,41.31189851399847,13.775109613241789,47.48900049279793
70.4034659890649,1,1,62.51242159740694,10.660878486906066,76.99022698050814
45.95484915358305,0,0,42.05396813199978,12.175296988919948,35.48575315128793
48.15124822805409,0,0,38.0411862965082,16.839145904620974,48.00812224230627
42.302929007621444,0,0,42.13620028099459,15.012988854059094,42.7585378174304
43.700299681443106,0,0,38.17688529140795,9.736002553973844,60.608109240828405
72.7409356914324,1,0,50.410723027155306,13.57104702434443,25.396594004749787
59.40369688623298,1,1,48.29636220018162,14.008307771909067,33.622986218489565
34.507975548521614,0,0,38.55951180564305,11.010922340403209,47.162635685440605
65.04212900685229,1,0,57.96521394715737,8.83285582738787,70.12074555279915
61.932422751414315,1,0,51.12178944065214,13.555620772575294,53.903344283589114
47.187875377117116,0,0,44.43946030714241,11.340119746072636,33.500218086540904
53.06696942029838,1,1,54.91506446566089,11.524325604439584,35.94069782974708
49.85055920578926,0,0,38.74745996656041,12.286156056312162,70.06093235471836
69.72579904446933,1,1,60.59360520863575,13.324422142024456,44.518962318892044
42.0370981100791,0,0,40.97218991776427,12.742947355111001,37.88814934161074
51.46010609775727,1,1,51.644282884206895,11.275823385088716,67.87448133734605
45.71854669007195,0,0,40.92533771142071,12.431137341434004,61.70501873605109
35.66959595382146,0,0,34.5630488152048,9.055241137809134,63.85567531458369
71.91638255054987,1,0,56.520226892417355,14.279569607252652,40.79113569186519
38.184334208975876,0,0,45.68893239782579,6.932979199586961,30.517165728725264
52.20129187487776,1,1,53.19428635560473,12.487058595379093,51.81812705984024
32.59299393619665,0,0,34.26572588737796,14.316162125439806,52.280812990503634
46.00929460756907,0,0,37.64075915985942,10.761597463677418,53.97615110521489
54.219688214334575,1,0,40.38157497237615,14.559451053744837,68.1601760491015
41.75266020497637,0,0,46.14072790989011,15.064045230391075,28.370060940398655
55.86801850735655,1,1,47.763680101134966,6.56024065022592,60.90314246630884
47.30958908111918,0,0,42.352740888579845,12.616561865282092,36.571458378344104
61.600825123986134,1,1,59.735257066303376,7.596477898463033,61.42890636272871
63.61760913340223,1,0,45.353198744785146,13.172111382860175,45.66228045908369
44.132552392699886,0,0,48.03533423425018,12.809634149818342,39.645593688583844
50.76732859392957,1,1,48.019102481394775,8.057931885996211,42.757900376002524
51.83454226472233,1,0,41.32293787140621,16.904712992101402,32.836131817153486
56.193492954346986,1,1,50.75734276857784,13.75783640389966,51.10449657343631
50.143819962442656,1,0,42.18152285561541,11.306267734709209,40.74230130831878
51.90210959342842,1,0,47.714333992337075,15.987822142799889,59.62578973014618
47.5659352520488,0,0,41.19043789047329,9.33575161627683,57.437266497599886
51.152398669720185,1,0,37.92963049118392,10.576229893054972,70.3731245018055
62.979401935351326,1,1,54.2574508300397,8.790471010720742,55.693869996028056
56.46083241211854,1,0,42.80423599691312,16.795915365442223,56.894216446172734
57.01255639443369,1,1,52.973557733170125,13.875069434777018,67.50245338137714
57.23070324135578,1,1,47.51683029154459,14.535724676937663,43.19111797181522
48.46191222118964,0,0,42.27890489790647,13.555859834472642,31.987092668242568
53.1882704357953,1,0,47.324486434754995,14.243183635363028,52.71995575312025
39.148263216642555,0,0,38.724296708184205,12.830603324291257,31.843224691091407
62.688076563169574,1,0,52.345759413588965,13.922484982309971,80.71607173142164
22.170395676567797,0,1,37.456346501154925,12.380318742742936,64.68301907260408
49.128516076645745,0,0,39.93252323939765,11.756671871160815,75.88056760728352
61.408959771502744,1,0,50.44688972325254,13.249019262715745,51.89025969710782
36.361320663706586,0,0,24.86264514182077,13.138028766434552,55.24301519078983
53.99779917616851,1,1,51.63823279481435,13.341032214389317,44.88607473418513
43.19233553420973,0,0,40.3929112456055,9.840225850519657,59.914331220461996
46.31196734811131,0,1,42.87218462014377,10.199385683226522,35.044678190198454
59.45940960639438,1,1,54.64258249238329,15.449465156024614,20.428822686942095
51.9805692588515,1,1,54.33107493816602,12.445428985998742,40.70952949202235
29.65644132115637,0,0,32.92414967018241,13.559143933706572,30.499962424707846
40.235744602684015,0,0,36.33861434037512,10.522832518635727,66.75869529418283
59.7533573488876,1,1,54.186779724198644,10.346308967173567,72.76346519585255
54.489427181929976,1,1,45.552286924379544,11.447489590394474,33.61379384923566
67.48135572524285,1,0,51.09915238047927,13.079310530214459,67.24872286277916
66.82647594013297,1,1,61.95284661666849,12.174513679635163,63.09926739602254
46.577548698532084,0,0,43.53749126851519,15.485193507167391,30.82043465322669
75.03237805069489,1,1,53.64832116956278,14.11001794459577,47.82002743389007
50.24479669851911,1,1,41.58443176014195,16.705221138079292,43.06251500435768
40.373314655909745,0,0,40.835000098541975,13.520015747820127,58.013276249117375
43.663601340894225,0,0,45.28136297411786,7.9848064043872045,34.62100792322926
27.43274894710581,0,0,27.245888639048303,14.435065681330283,46.556803386796794
66.07019008249281,1,0,54.83394547123244,10.463002457534875,43.37580496085387
65.94761989043863,1,1,61.94518397517819,13.939495931135836,57.274856189665584
39.84492561186679,0,1,51.12389875776795,11.145979653028315,46.38298818093153
47.72115711618094,0,1,48.83546959752997,17.2170567824138,43.349167264333346
50.956075441125776,1,1,51.15524809877278,15.907878118094043,47.53604863652764
40.396469478578865,0,0,31.665497028776855,11.22825280095385,73.47216094193924
32.448979687288386,0,0,44.62350003562815,12.218754054376427,43.24210233529617
47.896423962230884,0,0,41.64625112873096,13.426088858165363,37.29757977681764
46.78920570540753,0,0,39.660718219003606,14.630504314285448,56.680123400412334
46.11588759011225,0,0,42.037119257297626,12.941780452353393,47.889292725935746
52.22716062600965,1,1,55.81027396974655,11.017025020018554,33.239908892203296
64.29519658525992,1,1,64.62978248280415,11.993738619157691,78.20747568095558
46.96907280308274,0,0,43.98617111944475,12.900108591338899,45.4671599332685
51.70442998721363,1,1,53.49455168402143,15.520046857145791,45.636009551185154
57.26870523744936,1,1,52.457168813466694,14.073736878195568,52.6448947466421
55.54142926512748,1,1,47.269532740491,11.619413024723793,71.31554415701882
43.855764755521584,0,0,47.83485706091396,14.112418498085228,29.228632557324207
50.963771231140356,1,1,46.64337569414462,12.254943459177891,53.408207316160514
55.47539820169053,1,0,53.87982219433279,14.945077956424399,75.59480576169258
38.71648662489223,0,0,44.55240863152245,17.71551543540398,50.416392831365
62.63539010796508,1,1,57.42384010981137,12.661408961351853,36.43953125915475
64.31588905214112,1,1,63.12384355108797,15.032686991016975,44.01082666968628
42.772197445555065,0,1,53.965482855520484,11.292379259291193,51.759810101636994
51.93670018348169,1,1,48.9173766398836,12.833573471121856,66.16331700602652
56.42278256671032,1,1,48.62621480968943,13.251808050745513,46.570248123678304
44.543858436712476,0,0,34.814849869330345,12.448948433012612,59.37420741286043
54.81613845688094,1,1,60.03679825016149,18.070511531256475,33.25718792112542
51.63255626292165,1,0,44.05755009578703,12.435790538530885,32.83863519115151
35.320818223611994,0,0,42.20055654021296,13.733327624278095,42.738473558141806
54.59161315978558,1,1,47.98078510985486,9.277574656146703,67.7155059784577
38.99857583728964,0,1,49.302350482292965,13.53395040185791,49.726353257894196
59.39202851662047,1,1,50.54554389104858,15.565870040203109,54.416937198461476
43.28788924866111,0,0,36.87706808986118,11.743441992301733,52.665744071748435
48.38714566338855,0,0,43.35954710787927,7.931170087820831,63.14921035737963
63.72278913446575,1,1,53.38429176338633,13.334380136379322,44.04963060299233
54.96381646528845,1,1,53.51710737448908,13.18328219472971,58.75580294838763
39.20526080425455,0,0,39.39705069335718,14.124307925616247,38.949934114163895
39.85083429200916,0,1,46.08622672421226,16.717331099587142,72.78435530025004
44.00697211376274,0,0,40.839400164540194,12.060101862212267,39.796003959816
53.94644083356666,1,1,47.96279093270811,11.405816977686438,39.805972446413215
53.58299814932768,1,1,48.10725688307954,10.773654341736943,56.954337576789364
41.568976953371305,0,0,48.96424366880976,13.143226542664337,50.11435887252502
38.32790514385641,0,0,40.06463630083595,13.608545671952696,52.75501938951685
52.81583405085834,1,1,42.122868187616994,11.99316423280058,53.00934895099365
48.18139934209838,0,1,45.659863617232865,14.50280747171453,36.73343354852057
71.57215887447737,1,0,56.17354356714218,14.577932919872671,71.51752303640154
50.366036565630786,1,1,56.21461700781691,13.097444476258703,60.75911012723239
68.14252827700275,1,0,58.18605900206097,11.739446406821832,68.12165224290567
38.2961640189566,0,0,35.46121066355064,11.685156289599252,42.48964573257057
34.26787060438293,0,0,46.80735831648126,7.668525522766399,53.425069597020354
38.79914867474466,0,0,39.27493287816642,13.135548588638407,51.24833641429076
61.89129781453466,1,1,59.580968151567106,13.40942151193091,64.72516129587156
67.56101589693534,1,1,52.81047395886806,13.903788459087034,65.67907917164897
42.17820546047366,0,0,31.496450349233243,13.77398419494333,51.53443018154474
45.39433970240442,0,0,37.06344388972877,13.63347316393658,31.324020388121426
38.310190897875,0,0,26.153761544154676,12.428539365644179,70.18696173483977
31.88360152881613,0,1,48.0401580734197,12.553844132189989,54.860209357163285
57.184116977766294,1,1,53.10019016442881,10.40689067594065,43.417167201082925
52.230203029621634,1,0,42.41652544101869,11.899464799509797,55.101525962162505
50.10487982673875,1,0,46.86293603328986,13.104088502169084,31.87736540124359
35.9994346283662,0,1,42.40705345890376,11.108275887026267,61.26418027248915
66.3995668182866,1,0,55.68351699159926,15.212288596293691,33.98541575047882
44.96643261950527,0,0,47.32134191429771,11.531728816675098,46.846629357505535
55.33626424816476,1,1,50.15844751198232,13.592698749941576,53.46707982008307
35.45438594755276,0,0,34.207835749372435,12.796762892057254,61.011515138540396
48.09474810379963,0,0,47.35847490938749,14.435397630334808,51.08801092759245
52.91374456238584,1,0,49.66620339273078,14.888994684928178,57.91092893958919
53.27075218053307,1,0,47.03831932275191,14.48618778735187,49.98907231665869
51.546485432366254,1,1,58.13345947090622,8.834382160204722,49.76841713190526
54.945224920487725,1,0,45.72132396879726,15.536653043640884,51.52024949622834
38.694795439670386,0,1,39.397965833294116,15.715460311579307,46.600784493738544
51.97372605439661,1,1,51.30922873722471,12.09496321298896,29.958529688462434
51.13757683480278,1,1,46.5190369897474,13.507421130389783,40.89387575912074
52.31672684195061,1,1,51.790429517554884,11.287838444996954,53.16897077753544
50.723452173191816,1,1,45.67969306323815,9.124946551731451,47.08289317545456
37.26787226086602,0,0,37.03296699870547,11.140605636741208,46.85707823990372
36.822002478910264,0,0,45.97436291961179,11.524381995440088,44.80195621462644
27.857318141154487,0,0,32.30630964358652,11.626018081531004,37.42255110133364
58.17534509845298,1,1,49.542266373157304,11.327432172941615,44.90034097812977
58.27657509735199,1,0,53.82100270350199,11.781446919286083,47.14567657707206
58.4355029122212,1,1,48.66358365496383,13.231052444109821,50.905267977724314
53.06789962461452,1,1,47.412176891718985,11.551583022518152,55.027330096098005
28.66880782281889,0,0,36.640648393445424,13.447112899784623,45.700277291653016
39.73289508214734,0,0,43.62009323656684,14.0553081552593,36.6174264399057
51.704154175931116,1,0,50.73398265228985,17.811900117606914,33.39343093856772
51.35518002791795,1,1,46.33870268507704,15.292015265084462,81.30476449129449
47.77251786847979,0,0,46.27029362618437,13.419381652711223,36.21947142367322
53.689172029082464,1,1,48.63015321636451,11.870146567537116,44.14541718773565
50.11651707685245,1,1,46.2856360043837,13.590990215653571,56.21565533785247
51.207704655513616,1,1,54.06670345692595,13.689423059498122,54.45109778033953
43.60934667167984,0,0,39.60645575240158,11.781654222139073,55.61132297790685
59.820109861215904,1,1,54.67287331469188,14.862066089342232,45.66940615173549
45.69228391319616,0,0,43.46845983352063,10.074572488032134,52.43192523899418
36.693509169793735,0,0,34.06373707954286,12.11200560401879,49.40547488786974
42.290009871812714,0,0,45.00937635733164,13.880417214789196,45.48342457668583
46.5153380863802,0,0,45.49879261790591,12.320291847407212,52.5964507098941
59.940027883688465,1,1,45.67485149436254,12.884692029652111,63.65838934937732
49.57732001565207,0,0,45.89834445277541,12.711747878085001,49.69132932034127
48.13851781034351,0,0,40.977365168505266,11.272953052934813,49.62728593731143
37.51336575237373,0,0,43.14498410183737,14.97320283571963,61.56926899374918
57.854825898295765,1,0,43.145813602024845,11.199569433103242,62.321806907655336
43.48047845976615,0,0,40.3143313553649,13.440733008612755,68.35528513753842
48.99972141058664,0,0,45.94795890924718,13.797287438882346,28.82520932730374
64.80183076881865,1,0,52.618276560976824,11.546811120646625,62.341613274914536
55.08763331049305,1,0,50.595649682102405,13.298837508076277,57.727723875875455
33.71745952284826,0,0,30.785041817386972,10.692259440196043,37.74391717924564
32.304897636475275,0,0,42.76010616570715,15.251231879206149,51.249544779633666
49.35689549880754,0,0,46.77902638455686,10.7031409910118,62.54915052297674
37.87259385125195,0,0,44.37516977762956,11.328383627073631,38.83735231530039
56.48546747632998,1,1,55.38969441509795,10.746114007578738,55.959295895906685
50.42263064964979,1,0,45.16487486700472,10.29728146575439,60.49850717373719
51.65384769023863,1,0,40.69013100147467,16.232046012471745,37.313150018646
42.93256818357647,0,0,39.21207136679344,13.873526393332417,47.58582850901587
67.41383655286705,1,1,63.71517160788383,13.803001947987099,55.35300417499564
78.42593728010459,1,0,64.75471976667782,12.539624191709294,43.289015661495
47.21415276243285,0,0,41.12867646080167,14.731648204966524,39.171576887120736
53.530392484150006,1,1,39.14197909726629,11.457466895789594,48.73250402606171
50.97417343064313,1,1,48.28632777810109,14.6165037915795,59.717093945908616
47.40313136558931,0,0,42.550754130278186,11.177071387756406,57.46512115086425
41.67929532267203,0,0,39.840557213174485,11.461363455928817,38.830976782031094
39.15032012519523,0,0,41.689316869923225,14.191074375991699,56.74104663390776
38.64402734474476,0,0,42.82686398965903,14.386975508653876,38.83312542047637
54.052400255491456,1,0,50.987398316143825,14.316517875458267,31.083202449627933
44.803255217963645,0,0,44.184464169523295,10.74474942502532,45.07460266922959
24.2170714985947,0,0,24.905452941606804,11.333058413512184,60.8973396088883
54.44858220598322,1,0,45.85949217221843,13.447254948576523,58.3163848462948
49.61738717535844,0,0,54.02505272187597,11.289959691440568,49.94287702905751
63.46673001401146,1,1,56.880231946215645,16.14592742067893,46.346207198308456
53.731223970910094,1,1,51.986890259230506,8.30804283122621,45.695976763693835
35.21326403689703,0,0,39.04457577754395,10.998918890368605,49.82674527401926
27.70323359270019,0,0,35.51313528637405,11.311964002041343,34.94907352912007
42.80527615662063,0,0,31.870189353966623,7.096270955155083,45.103239473246504
43.74892579306347,0,0,40.91636562888746,10.020009513319522,46.78805904298912
59.431592010001665,1,1,53.214224677822074,14.533526785384188,34.73026569958219
49.91129067710427,0,0,50.08162693556578,13.057905993419055,39.929750056939525
61.33688498098509,1,0,50.85913406898173,16.486378593515358,56.059769995935085
36.75166944297366,0,0,31.78978917507906,15.693002975058848,48.7893090235893
59.65264384380448,1,1,55.19667854658925,14.155672072522027,47.260122890059854
57.20989153430919,1,1,49.039647174183614,13.842773244030699,39.78385990297536
29.817658885688036,0,0,30.041686878518345,12.526391983728443,66.9039637956394
63.22617841260772,1,1,51.92645301943754,8.08662131661925,41.26686726510896
50.93458491766353,1,0,47.63730937748983,10.238918520877755,53.11257217890721
53.92044503868506,1,1,55.6452674783828,13.31896435735842,44.53761544698296
41.35103887571577,0,0,42.60723921856823,13.972582583766817,49.5704553992316
62.752470129219724,1,0,53.904327959077946,13.961913728152872,56.766563916206444
38.141476707611304,0,0,40.96291944515766,10.859314365797024,32.3710686002665
58.32092018373946,1,0,49.565768799311606,15.124440170451177,50.752697088532095
58.20607475908671,1,0,51.890759919394384,16.211070300281875,65.10935126366682
40.258325718277774,0,0,30.4540609908612,14.583728972131013,70.16385529373181
69.83373599422575,1,1,59.011221402332204,15.574210739007714,50.423205920361006
52.31528480217519,1,1,45.627942262598594,11.951006948154834,50.73170296682043
56.53892610271024,1,1,56.57107334153167,15.348036028482905,77.18988895348942
34.72879204664244,0,0,36.775774802453775,12.833381040054588,62.091970583854625
71.17730003008565,1,1,59.362442368114145,14.658430057946578,44.710315171945936
37.7544305977491,0,1,36.506927801859334,13.36349660358189,41.34764164914143
60.248864327659305,1,1,57.84175571988106,13.064491718948958,62.50347997421315
40.05228282068305,0,0,42.53545389143676,10.981563534375887,36.87278272151954
43.81011197152317,0,0,44.1328475151236,12.650030032037602,62.433732213218555
57.88754043885447,1,1,49.341678810751944,15.21014944813128,54.800353608897545
60.27552713675157,1,1,50.69320418862327,12.425314203476729,57.24020188200002
37.28715750885898,0,0,39.53797657221311,14.405309250482063,45.647910109125256
60.904721690569936,1,1,51.32436720429276,14.80128299195244,43.53257451810008
60.44980495133194,1,1,55.61447432637532,12.715619354500298,68.58889446555304
40.62046591155108,0,0,31.666582544708653,15.496214184585686,46.10119922451341
65.9864759359111,1,1,54.693059742329176,12.76850093569592,46.66742667470477
35.43142371751962,0,0,44.902725720465774,15.582036436750851,47.58149755719425
43.75227417222385,0,0,43.63408039809499,13.680822188248662,51.69149300983771
54.790026240919886,1,1,51.71218777858391,13.111968950320568,38.109101103458606
41.46433715297393,0,0,48.6730747191724,10.968327353913912,42.36797578481445
52.63819085679341,1,1,40.625280953190966,12.902625265433718,42.84743419880665
52.41076078803295,1,1,46.59413593486404,12.664803796652148,60.384439734085475
48.12925730077279,0,0,42.45993596339684,10.427284948521374,39.18137491407861
58.32400538590559,1,0,52.59540762497436,12.814489316141833,29.763186245493916
47.716392073423606,0,0,47.36082148962475,11.323885402008536,26.166504452468512
52.31541068813806,1,1,46.343678508138524,14.241445858601706,32.586979452705194
61.464718774879024,1,0,54.72417667600971,15.956502514702777,67.48493031166524
57.9068621002584,1,0,47.34017198084236,10.783374510417271,50.98516540383446
57.86017290814208,1,1,57.42664495666771,16.660420643978107,56.80100633250064
38.508203977832196,0,0,35.12353119642787,12.398144050564705,55.288673123239164
55.24792575501322,1,1,50.78071648124197,11.207395002773369,51.19899959620917
41.21501209030495,0,0,38.646836783646236,14.251959923125517,48.2241256492148
37.18585020221974,0,1,46.46704658737272,11.722666549556497,61.25290217803966
49.28293653715031,0,0,42.55034340231047,12.81501474405152,51.68024462546671
40.9570481334841,0,1,43.95872995069503,11.920154955580365,65.88487456450939
57.906177188399774,1,1,54.63033418485208,11.603709451922194,58.24057706231837
58.14535459695324,1,1,54.903711230581095,14.692354702712406,43.40098017792299
30.97373763568558,0,0,39.034679247735475,11.856609323282193,42.13176547712932
41.7169746042311,0,1,45.352986409494214,9.878205653768442,40.44211978297176
35.40213328082001,0,0,36.02807097929068,13.664184246856465,63.15078959149059
45.37370723407109,0,0,41.28805863560054,10.450046514974622,44.676759288060474
54.551756698688244,1,1,51.02856761017457,10.83003235561013,40.87350210827323
47.577119018216116,0,0,44.78692941340559,15.312525980501114,53.59504839534345
44.10240759332864,0,0,41.46251720527058,10.430392429379435,48.24423548286283
63.00176526813139,1,1,55.22769631792789,8.757163244188963,54.834998677715106
26.951428274037113,0,0,27.406698694730135,13.554265818144104,70.37290967412983
62.36871893518225,1,0,53.85378060540984,12.763334709093206,62.19372156466454
44.557117068445145,0,1,46.65300768978029,12.401403269777122,49.77983835846739
49.218909898872106,0,1,52.266936603600406,12.347566510265763,33.0208103794151
44.72636662279891,0,0,42.36382534102779,13.305130876721421,43.47308669577626
65.42888105539119,1,0,45.76085021360845,11.9574279478556,60.07544133608276
37.6902150319474,0,0,37.411322758747005,15.582936200089952,34.716529027252946
50.11736369721936,1,1,47.90896215613601,10.051059950297784,75.70337992568619
55.27438651859997,1,1,54.25880648103438,14.047981428912244,50.70043740348658
33.88997232114833,0,0,28.663891982520582,13.800941177387617,48.97517795062865
40.80101829553846,0,0,40.56522721556497,11.204727027199397,41.08035951405812
48.51821466501771,0,0,46.31380819568208,10.908077549394894,55.81267454781039
41.13334965315625,0,0,37.92072328545204,14.768348917935,35.21731328704884
41.8440822878085,0,0,41.22055318317164,10.773600960600824,75.16311929799835
46.50137336923562,0,0,40.742540648018434,11.681713319575936,65.4583529927477
56.495813316461735,1,1,48.9796149253493,14.969492324413345,62.461138674010726
46.57282223121855,0,0,41.65273171508401,12.966667134014605,32.97213415364414
60.784261944729465,1,1,51.19936300249669,9.729240523083675,53.54338543996596
40.022422173406454,0,0,42.745684334448555,16.19479095430922,63.5112789935087
37.48077739526548,0,1,39.450581190291224,11.564401804298033,55.86534253181942
69.26345405721133,1,1,54.67008700041396,12.772389041903505,39.901036150115836
43.42041872334489,0,0,48.78192402903058,13.314181066353077,41.54091680863063
36.890879929278405,0,0,42.288400011935344,13.856879991886498,43.26585433685595
32.5794605822817,0,0,28.843676848504046,16.399592400051386,41.01669204436488
60.75103453808939,1,1,50.96644410963456,10.002394737331288,69.42044948233263
46.586954853399405,0,0,44.263329313590546,14.549513063453874,26.60653781946087
47.462902649336016,0,1,48.67647159359398,14.409906467580234,57.617319940839636
48.4079828841336,0,0,38.24201997911923,12.677909664775774,34.33315778927195
60.12942884669781,1,0,54.698976394638194,14.87843025503338,39.47792503525697
48.204701660240794,0,1,51.053248506846906,14.814689085080317,25.70366976359947
73.44053778832627,1,0,58.64787542232449,10.93929056367578,45.75540060492624
51.337605740542294,1,1,54.74571683311963,16.53966118397793,68.26254039252478
60.61784766958321,1,0,52.11808380507528,10.201010923811214,54.239675676535654
58.052398579044066,1,1,54.470522806529424,10.970939394893776,36.42490129391524
49.63552679741962,0,0,51.04848048599878,12.465490456674397,62.16932477229371
44.13029013979537,0,0,46.470023392808514,16.673789730567975,64.18868017680377
53.31963928566554,1,0,43.29378980718665,12.483075919063193,51.58052170103558
55.10098731207273,1,1,53.733274370724025,13.08916183926056,74.92708862903835
44.27413951873473,0,0,39.47999829953304,15.692381393371168,59.28618344736885
51.66338865950656,1,1,51.49831253355438,12.449265374654251,58.358168953461714
62.36204978259596,1,0,53.08747891937724,11.013988067616527,41.595660492264116
70.69947739069679,1,1,53.46586944552445,12.786514651244275,59.59872956652576
58.543693203494215,1,0,48.78446415650296,15.997894463716381,53.45586465160334
68.62759686380282,1,1,59.024826526223016,13.700557900024357,58.1007077184326
43.70625788793544,0,0,40.10796817999109,16.67250425475058,41.15559835909758
57.01882252059294,1,0,49.76825102985951,14.6864345281421,52.239068864367134
63.385195085812725,1,0,54.91618865091064,12.111937979787415,41.536181506001775
41.03666667028004,0,0,40.395961078217,12.833252609038558,23.338081467435618
45.14409887954991,0,1,47.120447346607996,11.147886730102739,61.49406471089559
67.3790476183525,1,1,62.87322012340015,12.184505367253035,33.70923698156105
40.2490114421306,0,0,42.01729205396621,21.66563884531543,50.311138721602056
36.58869967344289,0,0,39.09764699541934,14.634910010270907,52.654895520732765
65.27981573639511,1,1,52.457590349632106,15.1805904501052,55.44673776399617
61.96763224980438,1,1,57.31792017045758,12.112668336878004,47.79981434180144
54.32120243983769,1,0,48.4812010174866,16.268804205757288,53.68665794734345
49.542892453541725,0,0,49.906403961576494,15.185117977192126,55.60589408277612
45.61475494395018,0,1,46.64489164518833,16.631685227034048,58.38105328341884
52.81948873809051,1,1,42.794678368509274,16.750812958939612,71.08324494642021
65.7980695740155,1,1,49.7485513116947,10.51576351102542,54.390136775380014
52.38566126142076,1,0,49.13555368574931,10.851890859302808,51.007152266354495
71.66959267246966,1,1,57.204021945442214,11.642512149246818,41.286211683045835
41.0205801435977,0,0,42.25736107624084,10.842736117643058,54.333413901151815
49.803192456717305,0,0,45.35852680636808,13.6410005022223,57.98891648335855
46.269413323360844,0,0,42.46734799090474,11.75447549550919,47.31930312095656
39.14858456837667,0,0,39.18884714183544,16.819654618576337,55.450208507046106
48.46916266990345,0,0,40.77302331477082,16.76343464426038,46.33672194439825
54.1732930166044,1,1,50.67353575270351,13.112275602340052,58.469241126727525
55.2423017995203,1,1,48.93317716858256,17.06792148628519,61.47545794830895
71.70452178944556,1,0,54.363234814219965,16.627404908163772,62.95398657971038
54.644674697235594,1,1,49.67774116978115,12.237927122562551,51.878599383419164
61.50136803679616,1,0,49.8439109388032,9.32661035305276,38.670518984275
50.66094246298976,1,0,49.019165057523225,12.583891503968236,42.72313761459712
66.78055600452595,1,0,52.8711146854442,12.214172417978833,58.81994348706934
73.98449285588069,1,1,64.73705577430074,14.132546035968081,81.7841969544708
55.3108513097595,1,1,57.456845460185676,13.337782113042284,46.44243587259097
40.073409845484186,0,0,43.456483526966686,12.828237613162983,54.4773931252061
44.51194977222832,0,0,44.3938490263882,13.882727975925178,42.77856428747
52.81934303205162,1,1,51.36700035395989,10.659536396794191,38.59432977221596
54.56498035250646,1,1,54.393925012453515,13.959669965714609,42.340707672322296
56.984251343843724,1,1,52.49956862630682,12.3302952342813,25.708761413952313
54.601976812300414,1,0,51.239267789979,13.538023704096386,66.70141843612305
50.069849162559386,1,1,51.14134780243843,14.916915165341162,23.245421881280574
43.638015587978714,0,0,40.379645950867804,10.360340921197302,46.19786279399028
54.011382612642294,1,0,50.58909482673237,12.557754173040129,36.26360351706357
68.54987357480657,1,1,58.29085681131356,13.31942773918647,41.2424247731342
60.19928605427755,1,1,53.32511499668951,12.277440638487045,67.53820052229177
55.34703949636198,1,0,45.76872310658504,14.960070177156775,52.9475078300129
60.29566923822751,1,1,54.46191001061204,11.868093359545881,39.444813013642346
46.28935971099148,0,0,47.130530317147674,11.777879992445067,42.55473038114101
44.917348539166795,0,0,46.014434291955546,11.427682190270875,40.30596020861165
42.52214895634018,0,1,46.32464966800591,14.959775291567809,48.72966683068745
48.747133772305624,0,0,46.77214144905296,11.977525788344735,51.94941359468287
45.77994103290919,0,1,51.62675768254483,13.793489012754389,72.32489138203364
62.08274740652139,1,1,54.09150853857725,17.31389262465579,28.212665548679652
45.24676582317811,0,0,38.16170289746823,12.707766133994173,49.10692880522238
41.972782837750835,0,0,46.190910827589704,14.98330484519884,45.410465973360814
69.42577178830632,1,1,56.243772886030285,16.925481321835445,63.301159511432026
45.48624768918656,0,0,39.98177135121767,14.918970550756423,53.806442187059375
51.53528457250351,1,1,42.23285126491355,13.012455905219625,57.237874954629696
54.513228247434114,1,1,53.191746336374244,14.419612365420251,54.592357056924406
38.63306881079185,0,0,32.83072390718704,10.084234878053064,37.67941337767671
62.35483769503069,1,1,51.826383616748394,11.810558814551017,65.77066972741923
56.371190404112276,1,1,54.18854238011637,11.98178534885953,60.219177895799255
65.58384011880781,1,0,55.67960506903739,17.9487394439128,62.5447415125777
43.207780627819,0,0,38.99707372103657,11.171064390324036,64.48938010886788
50.9912579247616,1,1,48.609015654411174,11.374784235219188,55.11122700029968
50.39355754994195,1,0,41.706400669346365,10.923964766000292,67.81126460440412
52.638884943500216,1,0,44.12585532050538,14.198790072166528,54.79556335578971
35.45385251422839,0,0,38.79178729772582,12.848858360764616,45.916682195127535
51.108363786922226,1,1,47.19759517827528,15.206768867660797,50.03158945289184
35.735360885762546,0,1,40.54082028217859,13.914580158727585,48.28741087094286
53.583340711969214,1,1,44.582843629514336,10.346720527910941,44.12563820611041
28.713508754814804,0,0,38.888579036631945,10.746849722623702,67.45401705592414
31.484131657094135,0,0,37.782332201231334,15.175181446264467,51.703957551753426
58.18548716439999,1,1,55.9143650695488,12.83896812577839,51.95541042643488
44.53161544805217,0,0,47.42750902249354,15.21113209947759,54.11245260392242
40.121419263677595,0,0,36.75985812965593,12.404280682079694,84.77039612721353
62.70845621075548,1,1,53.57065017326565,11.44594082974562,37.69015535787964
53.27626217328415,1,1,42.70879361631323,12.491766309865113,40.18716407673311
58.72090195533784,1,1,65.57214261807786,11.325527467560743,34.30523798616983
48.33757927679169,0,0,43.57044837712635,11.819021853498905,47.04256706645334
76.79628693900003,1,1,66.20305506915966,14.205740021300493,55.62585001382833
43.95486139440205,0,0,37.02478611985919,13.841856022570102,43.81161591934728
67.44495549359888,1,1,61.35803144937148,10.342966018299371,45.267773971538645
49.38633959900087,0,1,55.7735333060991,12.946854172951829,51.64749235943768
33.45489605087254,0,0,36.48632502932435,11.33041541040667,42.32019570713088
54.82848745748109,1,0,43.37071774238214,11.848025005806807,54.204958671942165
53.147625614551636,1,1,49.66862720349367,13.359798006702702,63.68557472236641
39.4867818576077,0,1,34.48634482897494,11.583699710349807,57.07304382337045
40.777807228652854,0,0,40.237356810239056,15.487610206552933,59.64994088884771
49.75302356915008,0,0,48.16038034182703,15.368714459576623,63.00632329499564
53.497478152479815,1,1,50.25570849874585,15.468580932458472,53.74368573667242
25.293367171205993,0,0,31.51012536684713,11.268980624155576,45.625644404603385
60.53121452523803,1,0,52.375879727067144,11.390938765918497,41.78608460192545
45.055020261850224,0,0,44.94360951872332,13.015710466631738,44.811364062556365
36.68252515601824,0,0,31.701640327988393,12.299779022108012,42.38402612347909
59.41066551451931,1,1,53.71062460637481,12.06467364058885,59.72113447090287
49.763820205815435,0,1,58.27585059982469,10.64144571284054,54.1377726757119
62.16165776782254,1,1,49.39076390131917,13.281813794498532,59.57726012935387
54.379522629797556,1,0,46.848085983566506,12.32324677838898,36.51390998977794
49.98485497051954,0,0,52.759411973466584,14.376239723191626,67.1794793079449
48.47270055019844,0,1,52.30305090127392,14.284393119548911,44.72350559693869
54.82712760556138,1,1,49.00997707967644,15.346413439012274,37.28251305566019
45.8646874119067,0,0,43.756885224443764,10.357349518597124,44.31585556332892
41.47427411253501,0,0,40.72869033632821,13.546344838763314,78.9526193223036
56.09909122654644,1,1,48.70725839598656,11.72804132432905,45.95730672475583
48.5551215855557,0,0,43.98055236280552,10.515825225944502,45.954354500904465
50.33567648069006,1,1,47.69797370911892,12.152865820523282,47.7283114805129
60.893798361546075,1,1,54.54789493308004,15.464223911115617,49.30593523497714
48.86123392264259,0,1,45.08708423855715,12.22120031053831,40.50841060264921
50.150339255417904,1,0,39.96869682673031,16.135419497580763,51.73359092401536
44.00350488549068,0,0,41.83662934917586,13.917862177605388,62.30748938692903
54.30739933981851,1,0,54.01417254262438,12.341041022233401,54.20221171972634
53.49827912680088,1,0,47.07795126845163,15.425045231616844,37.015844325880266
59.00775131790558,1,0,48.177500543226614,14.161026083765739,46.76862427258606
44.20871162993124,0,0,45.12069903511961,10.961142572004526,42.80254236177357
45.421830304098144,0,0,42.07763670166755,16.580260180283975,50.17745664922743
57.92137399145469,1,0,56.43281869556378,13.756598865916594,66.75755745789327
52.522130033628635,1,0,46.245414979634,13.113256284979842,48.46561945111227
40.937818738073055,0,0,43.27089762166918,11.01706922233096,48.03592344736261
63.065540677345005,1,1,52.16435280909941,15.751042755535828,72.63829189356765
33.01549431599749,0,0,38.5201041713454,13.525015684202536,58.81602133165968
57.84284753263752,1,0,50.021797674093776,14.493761786569607,57.673260138542176
37.347879640018036,0,1,42.097915321372184,11.605373702149006,72.23236734762311
68.85788516485528,1,1,56.071911537748754,15.233937698765795,57.76352357401368
34.554002730943765,0,0,34.724880702862386,14.360247269069916,24.61707456936411
61.52250651872748,1,1,55.54066391528235,12.00811871799958,61.14423974643707
49.18365639988756,0,0,47.10758463872967,10.141529412634643,30.814264154564956
46.33397430161256,0,0,42.65833596562975,14.052765347726226,55.05746185315063
51.85396656467761,1,1,50.72605499882198,9.908925097728849,29.62047376691688
56.31900339157813,1,1,51.65784298325798,13.493601657422904,45.02963541435878
40.95599497669131,0,0,40.8721015879672,11.834189639726125,44.73018514235067
41.84212274831428,0,0,40.11928144344824,15.19259410402727,39.942782988050396
56.49604865112886,1,0,48.31991464303766,12.40919367799945,46.463380898818485
32.926570463504,0,0,47.255447059021705,14.702343057912728,60.683397690677026
44.15770906807914,0,0,43.32539172926927,11.796312383316321,40.84833596089327
80.4068695415944,1,0,62.784622604521374,15.912188096367053,59.58237750828593
40.31987035410719,0,0,41.91202959836599,16.83027919829688,37.44419136012312
61.47802791759753,1,1,53.337746665610524,11.208246560795445,48.873807875054204
44.14049231286188,0,0,47.246203009597615,13.408286212847672,53.30012042721559
55.09045144797144,1,1,50.03057064228036,18.650278375259273,38.550704145374425
56.54355690596218,1,1,56.141996648751295,13.329484360984708,34.91371049566794
61.289567351829476,1,0,49.30795568364894,13.462263561014181,57.0314945421296
47.99746173187224,0,0,40.158840789359964,14.516921746658207,63.27671096527489
69.88884638754853,1,0,56.406008026719036,13.678827119815963,51.04010440490639
44.1066343541482,0,0,37.634643752665674,9.408747041483341,43.92290855673437
52.3422041359956,1,1,51.963662968064234,15.334840873757745,52.1023250658602
52.452769322176074,1,0,41.44975003672277,9.067686251934896,50.91103595740217
38.780318800505846,0,0,38.114127278361515,11.829826261738493,51.7928623685856
47.1412774502088,0,0,37.84371993900544,15.329089821819561,19.375186541256312
51.61513499238407,1,0,57.10423553380296,12.33536919248595,37.332262005246854
45.6787895687058,0,0,36.22355654588765,11.482970702132365,39.42511769162833
74.40923965456534,1,1,60.89387478886829,15.490804999970083,54.251335507595286
41.613763264004696,0,0,45.3800987293224,11.046183324251366,51.39191092986767
61.79424468140428,1,1,58.69266597505024,10.90937590125822,58.81359033234886
58.56459813148786,1,1,56.33766755443648,13.805965918931202,53.94744080367403
49.861378654957285,0,0,43.66177577459274,12.629994762823536,34.3773170208477
41.347909461477535,0,0,46.07831051608678,10.253091055466642,66.49884635716847
42.3174467960823,0,1,48.462287761249875,14.043428483872209,64.49476432067662
44.820327007834905,0,0,43.25936197455936,13.773585021389515,34.38366522046039
32.14258718053737,0,0,37.03361662117505,11.744767582204856,52.20672225054393
39.965345742007095,0,0,38.76698228054205,12.11629636001032,41.85144195128452
35.17523484636357,0,0,33.94900931984963,13.496042529409221,50.18389135504294
63.458750031777164,1,0,56.67797891780344,15.784485340457447,63.98559835888017
56.184623923882185,1,1,56.99114393634722,12.619952297497816,76.17971358823972
57.85974098865461,1,1,49.04343393020762,14.545169215675928,59.801306560576776
55.888319515419475,1,1,50.979019097124976,14.307050019631783,54.12804877286358
51.66967623334163,1,1,48.9111452508351,14.8087048724182,46.0891136036346
64.60680332129137,1,0,52.172778045684446,13.516822497125672,53.64629878426325
43.892373442682626,0,0,42.20336623569164,10.992120175147763,65.70650006420803
51.06669655367045,1,1,52.97079412341994,12.107002590210175,49.57016457425202
57.47058827824123,1,1,49.39642490517364,13.909824579910532,40.113707011652316
36.78790768143871,0,0,35.00856587466872,16.240565987206345,29.24251238194435
80.96588896142549,1,1,69.07942344928465,12.960937422450208,59.253163305065556
50.28565762777586,1,1,46.942249846362735,14.618144615888074,52.99602327031046
51.41989450575593,1,1,44.3078058385697,12.386483933819157,42.39109137142803
62.56878031674922,1,1,52.99387038997512,13.598000921274748,63.569047540162494
59.149553330102236,1,1,51.90456572407511,16.305280098430252,45.85363296035866
50.38078019396459,1,1,55.06024100788535,14.540008568659804,48.422348917498915
51.30129438098042,1,1,52.99995203999716,10.556440285947499,49.93015983852272
34.95851469052021,0,0,42.06933981178908,11.403805393092425,44.284418563394965
44.435342221500235,0,0,45.497565680137264,15.345502955527724,52.27391501114487
55.1721021615896,1,0,51.37102576725606,13.43891915010468,64.33539196735497
54.43892839042886,1,0,44.46713568889316,10.835487612481138,36.73411006162181
62.21165750004087,1,1,53.9614201286065,11.728444835053786,57.08340741169219
48.79498941776676,0,0,40.437833456789186,14.370836727955346,51.945402977053966
36.12713486569134,0,0,37.22161531069754,14.572634608406,50.45787944110561
60.56730430775678,1,0,53.02007211761736,13.352729732197052,61.518865269264765
64.36089346182015,1,1,56.36877987015906,18.381454405726807,52.02765844878792
58.9824457285623,1,1,58.387146140122326,14.917778098768146,56.66099571572467
48.363663291425084,0,0,39.616168476803665,12.463947759476952,58.42674188399627
60.44386051876579,1,1,55.87288366217585,11.681903719364284,44.9920036473093
84.28910478008214,1,0,57.1513411825638,12.078904534124382,57.01911200777379
51.151523144404756,1,0,45.952467448896954,13.705388335292882,47.10570102791289
36.882633077548746,0,0,41.40265022900029,11.628924902499648,47.096081951116126
44.13714950447848,0,0,41.21056448494237,16.171601993101202,45.548978192707864
56.25476000304051,1,1,53.981886417868076,16.120266405926934,56.27844084946668
33.95195689101937,0,1,36.787049106177946,13.784691801725035,49.37493219732099
51.69403074912069,1,0,39.19225546177481,10.69282857655983,54.90393148671216
53.80336650315883,1,1,52.779801741530626,11.769663249989954,50.170128295566904
65.35121739812652,1,0,59.65164963536619,15.971891573425998,32.28566959016875
63.10194856054301,1,1,51.216794519591936,12.266926057226085,51.686615849250806
58.64584791751771,1,1,57.861700679186036,15.50365890536458,51.62704025363358
28.373209894854703,0,0,34.360298582693,13.300404142915163,50.74847223532699
59.21053128047925,1,1,47.91249955346731,13.379751708040752,43.79630280381902
57.05513386060247,1,1,47.651545724892586,11.805988389947192,36.3598767860741
52.55944377078347,1,1,49.99286097883434,12.888295626074001,57.751224115809684
32.697778738545146,0,0,34.73104021757616,12.860229271906151,44.98649919544449
42.2322609081294,0,1,39.51447854703174,14.832045623846124,51.27815466303289
38.33177230465934,0,1,36.039729027428045,10.87848196787227,45.45565627180639
29.849915604929095,0,0,31.538080490758524,11.869863783095642,47.91224965120977
49.97084848585205,0,0,45.760660276250505,13.088771718440132,44.6056606733555
42.0217787855722,0,0,40.985286382373545,14.086010078939495,37.58517480871129
76.25305580268912,1,1,59.77157607134424,11.970662999035119,58.3100855094928
48.312280605620906,0,0,44.96368907997639,10.316228832394197,42.593787001848646
62.9375315586596,1,0,55.62887265878055,14.736056250179887,53.26117092660368
34.309009753067755,0,0,38.73101091827047,9.493372062698626,53.35642363813171
44.6991041399513,0,0,41.864317384417326,15.410932553722876,42.42815782675815
50.96897876034315,1,1,52.846777406814326,12.717217167844478,35.6502702635585
40.91846051392329,0,0,36.61982904809646,9.632491650868806,78.20487341762896
45.77799315195256,0,0,41.98931841775487,11.912499355751589,43.244536803850146
47.820490937564614,0,0,43.105893726380835,13.692861994265414,57.26305499697037
47.66092014555105,0,0,38.88264703900414,11.864425429256576,73.03965460939659
68.55118573035347,1,1,56.2460962160393,13.5965950695593,61.334011535282066
53.7822628543151,1,0,38.591292703576336,14.593624617040025,46.77291257950089
54.79510562941303,1,1,58.69626500535833,12.739472498107151,49.674113912519964
55.396547743450704,1,1,47.598618717980095,11.287781079371253,40.54836813747889
56.12626377337113,1,1,58.05758841237081,12.585819918457451,61.192983500830024
49.17113016125135,0,0,44.73790310350364,15.80481417775606,56.712361512829396
46.79253628521154,0,0,45.655724671229606,16.273904779222715,43.506143809380234
51.668160595182776,1,1,47.528881104187654,9.010192469970931,37.66071837433694
61.568039489134726,1,0,51.615738512414055,15.529097003056997,35.301999096949174
61.26238188436383,1,0,53.23314950213566,13.838166888601627,62.964406234086795
47.596015243115886,0,0,46.45621727913467,14.775845815533776,51.20407907177832
57.67843694668112,1,0,51.938312033637985,12.129376587865174,53.347658130661124
48.05415336960332,0,0,42.55374584464495,9.405097582085126,39.930031826612044
50.33870549435244,1,1,46.8979140572108,14.179138742125495,32.47183330978237
45.264766184458026,0,1,39.905677791158595,10.975988462968306,61.0778395149854
48.18354861093766,0,0,46.184650350176575,10.168921595358425,50.32282330506054
63.4133006954968,1,1,59.68616519304217,10.76559625591797,62.22814599024112
50.92421147339236,1,0,51.9260324563679,14.22955390903244,45.46122362915247
51.35282508552318,1,1,50.54710308108362,13.31948968462409,47.293468392110015
35.527822207420414,0,0,34.69799201207593,14.13076670997196,57.112360340189625
46.907560923672705,0,1,40.31539588867853,14.24537733670291,58.478933048173566
47.58685096255271,0,0,47.96009241360976,12.085738399709049,59.32947256848672
41.70856514556595,0,0,33.669176305672835,12.610309806612067,45.628441477324245
50.21665411703564,1,1,47.39591074754275,11.98362456594599,57.39623226351398
45.70817709772346,0,0,41.95686123708714,12.450589767200722,62.88001129549296
50.79995855243582,1,0,45.12215872481383,11.089489280610943,48.82273171506517
51.215030098189345,1,1,49.40072544923803,13.817419490694352,43.95964264453029
40.44245642177356,0,0,40.77381843635708,14.86351519061672,65.15721688197854
46.012982175168105,0,0,33.34503803926994,11.247163405613069,41.74794941490113
50.77374282760834,1,1,49.09549505328468,15.585751575630937,57.63109224813456
61.84299431156725,1,1,45.65319485933612,13.5823328223029,50.48323170491839
52.56719172795741,1,1,52.86246815634268,13.559173704650348,28.157931774981023
43.380648200825725,0,0,39.46982347719842,9.402560406809735,62.88119362982553
53.99004759243852,1,0,38.36687689532586,9.50517680864169,17.304761204675437
67.07548889321761,1,1,53.9309257370673,13.800497392355894,27.89801208823046
59.167064725890185,1,1,50.95323100620648,14.854476191040721,57.24466742635708
55.4752653043562,1,1,56.15043112239812,11.821497071840781,56.872380914573
57.25590175482321,1,0,49.414501844412584,16.557864853810873,43.0746318809519
64.3995404142863,1,1,57.227549984545476,14.90185816093722,53.213819125067566
60.7562679401766,1,0,55.1030205069707,11.506005534789328,20.698466244681605
55.667603811176576,1,1,51.099224753890326,13.231725448442312,59.05046595476485
60.686422195900846,1,0,53.35996294208004,18.27445093332385,54.06534806423325
39.183489037359394,0,0,42.32718897440766,10.19037666552137,48.37063466373039
34.97734747659719,0,0,32.34279576402095,13.605860302128127,48.74783253331299
51.5709865064383,1,1,55.32742756373847,12.401640489746464,56.076148764960216
50.68680709650538,1,0,39.66219642796992,14.434396794732185,49.72186242767621
44.560899464867425,0,0,45.949916330345104,15.371374276582788,26.967423913712103
58.258526698277095,1,1,46.71097120151602,12.475281623525579,77.18183948409798
31.37136413548764,0,0,38.090629220350515,14.678965467478978,62.54674624669018
44.652277439421965,0,0,49.77379823231168,17.28197511172658,34.045891800484256
45.15044455122385,0,0,41.723307649411076,12.987062811225185,45.3733976894033
33.636982149005405,0,0,35.79306850309012,14.078886839458534,45.53128793302805
64.94731007269304,1,1,58.56541503361392,12.267537761774243,64.44092580537686
36.40798731336677,0,1,40.536407832833206,12.630758237463427,22.729571507499458
44.11659942692314,0,0,49.33141452843285,12.47014779739121,43.42356076953484
59.07979757805134,1,0,50.308667786860454,14.86626577865873,29.780342437755092
56.46045343428732,1,1,50.59954868426075,15.60316547454247,47.22489915348867
38.91825303515253,0,0,37.29798440599353,12.448237892819659,43.2218145864964
56.82489209260636,1,0,44.6806521656111,16.27199245424404,51.63881801785318
52.89784478658222,1,0,43.937902446261155,16.147030226720727,43.03129169054802
73.33035562111468,1,1,58.91248423592295,15.393618154993243,43.32075486542518
54.03940416068304,1,1,48.7191457863472,12.089129061377035,57.839820717226075
48.58758178931468,0,0,41.661089798108925,11.733969820199636,55.314831070242434
41.43498042880577,0,0,49.112855135812644,11.118286703484097,55.760278156219485
42.55756633044429,0,0,37.158402859264186,14.67505913038965,47.13295554715432
41.74230904531842,0,0,41.45768487324391,10.328732856380823,42.31336791782957
63.71098813911922,1,1,57.8755781086031,14.765004952395591,49.94486902966267
50.17969915016471,1,1,51.26028155741729,10.843172278856715,56.0319147558379
55.6524712397473,1,1,51.24180731674376,14.816666376876364,24.443890712312548
65.14247599980887,1,1,55.25842771251519,13.488713445455387,56.24359076443118
26.41535857792535,0,0,35.013869253920696,14.959737881057414,51.35119410581011
62.78873764700375,1,1,56.11045542341468,15.666571286052655,52.0246846377291
50.55396911783334,1,1,47.89114921984661,15.886749897539223,48.26363584932323
54.35048371640444,1,1,44.57772757130449,16.05215194807036,19.641615740451478
41.71596778251749,0,0,38.98628900192575,13.03874070145192,43.893357621046874
42.44875601551482,0,0,36.63817735292758,10.455876547616235,70.71814013447997
54.888458898129876,1,1,48.42559124879963,11.04160765694914,50.643661436632655
73.8459780033147,1,0,57.055881955725184,9.541682281467565,48.69711973623485
60.03313312814902,1,1,55.10151114006097,11.133662326988283,51.20618765989625
62.655229214185404,1,0,58.449425612262324,13.51730419183486,55.52279734495464
48.0799872973858,0,0,41.890368133077644,11.82309125727125,57.71384166601215
43.99795775414372,0,1,48.74748141817246,12.45966752380461,46.65323381751907
42.19195048421007,0,0,42.31981533985638,13.751189353449105,54.31823027714521
45.11726275303312,0,0,47.742622059075714,12.245387366459479,69.63153590843962
29.472175668294746,0,0,37.041002712529874,10.140507669223675,60.022227160022055
42.750806571083984,0,0,37.34147757639673,12.676056862005655,77.35868324739215
44.396468439401566,0,0,35.306050102535856,11.034913079636357,41.55840254371956
48.24641825605159,0,0,45.36825592669581,12.40581955372342,69.93891591562934
51.31750109747292,1,1,47.1949465571349,15.725078961770194,40.643666430676156
53.62450868625611,1,1,46.54099935932566,12.567724652395333,54.60524462951117
49.8507462755704,0,1,43.505062319652886,16.537437494962603,58.77479297841423
44.18556913657243,0,0,42.736686558634844,15.688839047973111,43.28923061080357
30.366413567344793,0,1,44.86403758092585,11.252381789862257,49.09221268642579
44.24691391598207,0,0,40.488767575166875,10.605159884647911,60.3502246210203
40.27549362312995,0,0,42.49882805586626,12.603156484853512,40.5042985825701
54.66066748278604,1,1,50.57126834052265,15.44647555127736,70.49866826285037
59.092873966936935,1,1,48.038908627054894,12.29240440655073,34.2941278999655
59.385710670599394,1,1,56.282100709341364,15.09775191664226,74.21486837980055
57.569527361278205,1,1,48.05599550452962,15.643965799110521,62.772866353722925
48.664742645475116,0,0,44.418877845111815,11.411890978639043,48.78976734861417
44.78044434524103,0,0,41.02414051259929,11.491311153780057,44.64602589968332
42.52897246332934,0,1,48.486795969927435,14.201193238153893,43.168558092840655
34.9250108339825,0,0,33.2299014471085,12.851445424302616,46.862953400314076
59.918537005078576,1,1,55.17274813374713,11.925433057065,50.40990336192195
48.25288962070026,0,0,40.767255180955324,12.243225792381834,64.888003921685
37.53659706379126,0,0,36.72387768258049,12.485058806458898,72.37750891099412
41.73508624289765,0,0,26.32674221128842,9.622343737376008,51.56606767213786
41.33026543567448,0,0,49.03352700430887,14.271194176035625,38.985484687694594
50.43024485015127,1,0,47.417350156380564,12.055522967626155,43.4943119973808
60.67467851070686,1,1,50.917949311600765,7.752807907725008,48.870378435735276
46.52010450404417,0,0,38.76142949869011,12.84786119850242,37.29054518684311
27.474664852163507,0,0,31.75473741456439,10.841097427777889,33.6001696599278
48.1081966484108,0,1,50.5716164634832,16.320890284057676,74.9763462133174
48.438060999028046,0,0,36.65069079717432,11.782251788130905,53.475168411257854
47.75079769064478,0,0,43.30906116814504,10.73723720356212,39.77748216490031
43.72538833524298,0,0,48.94526165747219,13.82762698998132,59.171781677816846
52.174390807258426,1,0,41.55141005975799,11.744336988202587,36.07728558304369
50.661411151490015,1,0,45.65224573079963,11.460929932040235,36.91399654069636
49.75169685873353,0,0,53.6890876903978,14.011553671410818,40.33866087310241
54.12641361442966,1,0,49.59181332597792,11.042857792653757,70.26680073182337
45.701671768521464,0,0,43.354531166202555,9.956502836656737,46.535606387511656
45.134143302993465,0,0,44.593617471132745,16.30602030327848,20.212930487469507
63.801232895854,1,1,53.947155107888186,14.57303446207691,65.90091448769252
55.59355409715436,1,0,52.99530218979094,12.6393880529259,46.882779039767144
58.269460609427995,1,0,47.53741021311315,13.241129398878968,28.634049990401934
62.26104585334068,1,1,46.94379649172643,14.379560091832532,47.425902729773156
55.259441806248,1,1,49.71450848736215,15.104458153414281,56.77799093988364
59.28388679136171,1,0,45.77500527617404,11.766566021110828,55.7769786775318
34.206548379297395,0,0,35.97849814085898,13.258489503310287,70.00163458790757
52.04153871996027,1,1,48.63443312365761,12.047837809178331,39.970939521156865
48.17281538185672,0,0,48.87610049014799,12.567221972430454,50.377922981365344
66.7768409089981,1,0,56.16959136115659,13.824690962199751,43.28285274795875
59.276455318033,1,0,50.69128960931809,13.264936513435647,32.42133080155662
43.6955480920682,0,0,41.835992400703724,14.28200023936719,59.995883276878274
53.72794158529206,1,1,46.27853875721405,14.08601136578995,55.93202898829944
51.6768133344924,1,0,37.113705716583496,10.033965981290416,53.57182272983547
54.54331433152229,1,1,51.37429721133227,10.420653015814786,55.57581375225596
39.81157530625348,0,0,43.084352467421375,11.954913889669019,40.755483298364304
53.600164652382254,1,1,50.016746793212775,16.765255464455116,38.2916754174199
47.71848650711766,0,1,45.36982596241203,11.228370930210325,50.22361711674409
52.824497640556004,1,1,51.920257481134854,12.668289509991174,64.21698659299497
42.756148348778304,0,0,41.044745371891764,11.709992396550305,68.5725404603204
44.149368286034004,0,0,48.81766091091285,11.716392280404861,58.9601293102926
61.738420203667026,1,0,55.800123470106655,13.708632093920121,51.523935141583856
39.48452441659839,0,0,43.58029443639251,15.486090284889254,52.185859594459075
40.222455989579515,0,0,43.14216445162937,13.618610479448565,49.16137191086241
49.48418742784422,0,0,39.58142405611628,11.377463699981142,37.63709866639128
42.28109624814046,0,0,43.792522932280626,18.274891909050627,49.52387816334056
41.14971367737201,0,0,42.0801606692723,12.891637852243413,33.09704955667528
51.05075971208295,1,0,47.95107876960613,11.877080878598262,48.61614925797182
34.94934143096295,0,0,39.44510866273369,15.372672992284068,68.12819547025212
39.92037765086362,0,0,41.771239176824075,11.759470093638273,58.86634843848658
70.54095582923644,1,0,66.07394379281659,16.94205598485198,40.976665372085286
54.59475058969009,1,1,50.64263261503737,11.39655693575737,49.59032622326161
42.53436647730089,0,0,45.01253276196777,15.636091772161766,39.24092090667324
54.18215078266197,1,0,45.20711615027498,13.527559852043249,49.66804986013968
55.6733047698663,1,1,54.64921872048383,15.752303608500856,63.060624275281384
59.944144200902386,1,0,53.72935166138102,17.10185574343016,58.83050967980908
48.7284397054327,0,0,45.82192416125774,10.696638610120473,79.6825729394873
59.76497702772889,1,1,60.20947628337044,15.844492952348512,65.28622653286375
29.615534751178274,0,0,31.270663230147466,9.57065823368454,50.40955804805012
39.43691869524247,0,0,37.76957558094834,10.588738850360816,57.06949155912376
51.638714017364556,1,1,50.318877352776234,11.442342500936062,47.73455331153643
53.296335328077916,1,1,53.82139507797584,14.10616333219806,36.79958256776983
40.88217712331358,0,0,41.158806646836524,12.792497067569126,64.7575366517816
52.59419991263159,1,1,55.09013610235805,12.743553829053276,62.36731771444293
43.7615975131274,0,0,39.234039272698425,13.105318483438543,46.48350917618517
47.230409057728345,0,1,42.70289057090995,14.099491450318798,53.01026974894889
60.24773800665011,1,1,55.006382349471075,14.643928388082209,65.91604404928269
59.089374968886,1,0,49.23596637998822,15.461014920296842,61.06515461136084
40.02939672636738,0,1,45.83615324461657,16.3409515273259,31.445724657640348
39.427485379798966,0,0,39.604133526433465,12.640099816511016,51.86618879585779
45.88826604446684,0,0,41.58405385973959,11.834470057072172,47.57724829858631
49.73253698827075,0,0,44.566518207240485,14.2190483680185,63.32926208849124
43.42101511425259,0,1,45.47590313629903,10.514120820898336,61.714614376817195
60.40642442799668,1,1,52.63328701460502,11.954784468616678,66.86393638093621
53.47389841708555,1,0,45.92442102324906,15.102978845298146,36.93265777706606
54.06085109874429,1,1,49.0660522014245,12.87356878332692,40.996746701199555
37.334611710550284,0,0,42.09396633475277,10.203653434600431,62.10245040468029
61.6729071738378,1,1,55.262537604942096,10.370581084484787,44.06754093327443
21.798311777593092,0,1,43.576165777471616,12.251382712115408,28.92263540678762
58.34055451849369,1,0,49.81309546436069,15.53400970949083,57.22521330321815
59.34311737670771,1,0,47.46812880703921,15.537385076363606,44.367690454479096
45.675988127220386,0,0,53.52069556306245,13.092040649602286,71.04508805642286
62.729102172474235,1,1,56.66905659709445,17.399691903366485,54.827124865108985
49.36902447045654,0,0,48.64501138279954,12.771430002232771,51.86001388674564
50.62431703327443,1,1,51.33057044944718,12.74159426420341,45.63150500393836
53.39528787404216,1,1,52.839688054212075,7.9669868167432645,69.42955279452788
81.86574911811054,1,1,66.72549076446516,13.061246575220885,57.48922843048891
63.44433908083004,1,0,47.31383128131076,15.10736024224189,46.44243969020853
57.01131200712918,1,0,49.975772193810236,16.338262033933283,41.172126721447555
40.87195513398805,0,0,35.13653235159307,11.065689386685072,48.20551885862819
51.43589825479492,1,0,45.02049778174732,13.967581606229944,38.41182777962183
41.86875906153613,0,0,38.03190970451492,14.84982083649266,61.53340520630095
58.22110847282813,1,1,54.190434979808956,13.269049560576642,29.122006198992004
51.404669757348564,1,0,47.03883986802722,8.475579177665995,48.466298635738006
38.754783203861045,0,0,41.301975164991276,13.157223495264336,56.19708086144132
50.81124583418503,1,1,50.20480920808886,14.547198623147338,54.186557624734384
41.505825302836946,0,1,41.97561128427287,10.85032896904819,40.543186854095666
51.51216221337547,1,1,48.36206714928101,12.537055804652491,58.07432070181614
41.409226836347436,0,0,44.386198063191664,10.431284720832895,38.50845002300385
50.27487633360813,1,1,53.058864875981655,7.867951192847538,49.75887175539909
57.50469861935095,1,0,44.165216915169275,15.27914978215584,58.57256872569936
49.46948008074894,0,0,38.61102951032388,12.976587334818765,55.501901361992246
46.09111732827611,0,0,40.13800113131921,16.07808351325825,41.508643595794
52.032762210574624,1,1,53.84721143341631,14.775627250129594,64.57321041982982
56.97182620792853,1,1,56.9954492246964,12.500735262906957,51.73751747861926
38.9281673011824,0,0,35.765236128986515,12.501483698826654,57.80876166138806
52.606561547052024,1,1,51.18251818847136,14.210551627951906,68.60986823478417
63.175408190174004,1,1,62.57542942764736,15.329029079216706,64.72778740431269
55.73656963276715,1,0,49.52953072534491,13.817438350467036,64.01520983924925
50.57754146667228,1,1,54.62478387426851,15.228512534579137,52.369913304860894
56.39737506698895,1,1,55.84359381382687,12.598583778660725,60.16695895762501
54.52496456102683,1,1,47.271687455601764,11.141461843259432,53.015655350874475
57.53601109159814,1,1,51.658079851810754,13.096461825625685,36.24170749581886
29.760683890170554,0,0,35.01935985825267,12.803190298177483,51.60899389907757
34.465438663367344,0,1,41.29925288376903,10.130892370422448,51.52287567119832
60.04829149483237,1,0,53.68946156117047,10.628004576551726,58.009581487745066
34.94720823838559,0,0,39.10834316829443,13.443188840098424,46.95875712127782
54.01538635719205,1,1,38.91288940348357,12.307747887974914,41.264071954552996
46.47950343967708,0,1,41.63839062746763,12.562703291866308,57.52602334207043
40.03810754404003,0,0,31.269530112115845,11.981757894919554,33.24454330737703
53.49649757147474,1,1,51.09970974835871,16.146096730670667,67.8554793874251
52.01033503716571,1,1,50.617118116453895,15.583832371904972,47.42401676925667
71.10342652096378,1,1,60.33461309492476,11.158395415550578,55.056680716770394
43.751887954641106,0,0,38.040230906462085,11.746970212478338,56.077886634842976
64.40110120069174,1,1,58.54712662082583,15.132041571959938,58.52836665819946
53.524229143843144,1,1,53.277164557795686,14.309599348521779,33.444611314963495
43.389781184572875,0,0,36.67429432346581,12.718777510877615,59.22801708498845
57.992464575172455,1,1,46.78207948179073,10.964573527326703,54.43709239803252
55.65738504453951,1,1,51.478165777362,11.804641459029094,42.94260188975065
50.35843294858049,1,1,55.99634556874368,11.977217853364836,41.039839883507085
52.66295356440624,1,1,56.78044775099769,13.633877269170387,46.25765837175848
44.03012968954469,0,0,44.26868228656455,16.228358200080816,33.818112729628574
41.742128747454935,0,0,37.95107768740716,11.378503392847392,69.8414215665898
57.59442173822583,1,1,55.99458150706725,11.175762157036296,68.5932580755427
47.76060575686726,0,0,42.07060581919746,12.715645219050131,55.196462987398
49.199170017509076,0,0,41.529556862059295,15.039453061553388,47.23913600564582
52.79821595944277,1,0,37.82324065323341,10.190180545261876,47.91452574069553
52.65288344783808,1,0,46.73597051730965,15.986854805185036,59.36207681887142
35.70673529025935,0,0,35.333898248580184,12.227139334476442,69.66459632304935
62.862520864548586,1,0,51.81698195038831,11.91723562130971,44.441491211293936
51.21182151900678,1,0,36.40847997455514,9.835976072045884,36.71014964042079
47.973467371778504,0,0,44.666040376224,14.35224556799461,68.3690360203211
54.308460051697466,1,1,41.07974536996222,12.786911411067853,28.98518295415633
52.36542193614863,1,1,54.184471981148526,13.412373623593473,38.13417249458311
57.67062689489702,1,0,50.92287838398885,11.428495324824183,47.804767979359475
55.37983672150941,1,0,46.575259275056354,12.523203033143236,31.812782058490576
57.17846228996267,1,1,54.49011058530965,12.242191375989405,64.06363498267544
63.50993905727516,1,0,47.84267247798337,13.20411196096184,61.63385715178872
58.83624548970972,1,1,53.35762480731442,11.925982711939671,43.98610582238717
48.39513779671437,0,0,47.37666505219853,9.883492212526988,65.1948832098044
38.77098843923167,0,0,27.00833722325028,18.120129143770164,66.26860798476908
66.67797933004515,1,1,55.20009222631248,10.773530885226327,50.30975015352375
47.62276626652887,0,0,43.72080661271894,13.291601001880945,44.354258495836795
45.268925866394774,0,0,41.84928846221432,9.314012119143758,76.64211691954921
32.63273182235561,0,0,42.14477321608742,8.484887081434719,56.91721504724542
53.384731053121115,1,0,42.19676102686902,13.297194915298169,53.41436894093835
51.488866039537704,1,1,46.90979604598793,13.393401156722739,66.51143796362912
34.848850637505194,0,0,29.760949213518803,15.068463500729923,52.108052683786774
54.53274042133176,1,1,56.95751681575847,13.935075894671364,44.38582701110291
45.01808079298561,0,0,41.52387982605761,12.550920986297985,50.4637252051492
76.90315007288693,1,0,56.69793948429664,11.9078940140566,65.15416645512552
44.30638807909132,0,0,41.943263310302804,15.827215778839836,25.52441201171857
45.64806667802207,0,1,49.018976652732334,14.72714449244111,46.108437794531554
41.25223775745632,0,0,42.015572492792664,10.24490817722684,65.7219125587249
62.77876521041972,1,0,61.98091945943821,13.459290412733862,45.13545570791976
46.27224205535247,0,0,44.95186458129134,13.176271724713567,68.18052693071216
42.750858462345036,0,0,39.5144475144962,12.091218440659013,66.25201167855226
57.06955009920542,1,1,49.93934809950692,14.755787474589754,49.920605624053124
36.196470645868146,0,0,36.52719951326684,14.2493603960724,41.79717540591881
56.25110546248948,1,0,42.118205032725385,12.806561768264473,47.176804056453335
67.81399716600858,1,1,57.71645541297063,12.97268142338494,83.75677362061808
55.66607832835089,1,1,54.61691158901112,16.16789927518559,73.05970119603401
56.37898316259925,1,1,49.386037178806674,15.05704727960245,52.14258997794078
58.70060216907484,1,1,49.77078085940097,13.405738844889013,43.57221759746257
67.09708028675519,1,0,59.61232072855453,10.254494330442549,53.11420045565068
62.09893960019104,1,1,48.99353717361086,14.050968400615803,54.13581707942028
54.39669722273024,1,1,42.57707510545591,14.528067846517244,35.51936487096077
59.03891400636002,1,0,44.90784922859048,7.762124163394054,51.86438663121912
41.14065074534889,0,0,34.40859450417726,13.237958418996518,64.98291697227565
57.76293590747322,1,0,50.42637221015494,12.399504103632726,29.184013416149643
39.944440288162525,0,0,38.52940214228297,12.256624648385772,58.913451610463234
46.32977581368373,0,0,42.28613972674651,11.075131368883872,66.13055322202572
19.174378248567624,0,0,34.1989258321829,11.778852766649745,40.19074968372434
54.01429659367462,1,1,47.89180885218621,15.904412050172901,70.73153875766015
43.561279888916474,0,0,44.8809975914408,11.914041399036464,41.07208323951151
61.11145215204463,1,1,60.25101727283512,15.264490682147708,56.404137157529306
53.90192610605403,1,1,48.778313060972366,11.504395345422399,46.70892039464184
61.24095894701625,1,1,57.21857089573338,14.854741153722564,47.440139608750385
39.164034553274625,0,0,38.6147456265214,12.678232747842141,41.508814618230915
60.38386037159633,1,0,53.88832270116132,14.015565468726452,59.42129180750387
71.05856344363328,1,1,52.89332497151155,13.646063415503974,62.291521837140714
57.64158299931894,1,1,45.888742519158086,14.512497954861987,49.99109190500563
57.903490086922886,1,0,47.38667418383128,8.10193446674017,34.470730444625
51.69597676394935,1,0,42.29228914573559,10.21122867600334,55.007639676007614
44.75331219434636,0,0,40.30981965945364,13.676760361847679,54.539503532362964
57.61192372701509,1,1,51.57785553371899,9.141281004017982,48.16061223606438
34.939170895979316,0,0,40.34963957533466,11.48701441558496,70.90069253576763
45.822448750791835,0,0,41.28058206113218,12.765991780450456,30.815093696271337
32.28943197662818,0,0,32.84927074582174,10.812402684073053,21.62153867462
42.96343622684917,0,1,43.72566460638899,11.405780281417927,40.526324826312866
56.420450918935614,1,1,48.78364434024134,13.735777927875255,59.167139500990956
55.053933762204636,1,1,47.44094487285146,15.170207924425757,37.83525772701437
50.50913695535473,1,1,42.45250122336949,11.098375346151025,38.27926267322257
51.70400994062011,1,1,49.77991743519437,11.901003905843861,61.58265702819987
31.141353821357907,0,1,36.94585408429074,10.971718667986648,53.664710455708786
46.27437719429085,0,0,47.00230355408411,8.045471812074169,54.15216863496988
43.1864839356479,0,0,35.803657599588185,13.079018098704456,58.69579542715113
43.40940309485459,0,0,39.53636732723577,14.671717584502622,44.23862487021085
55.99578627813754,1,1,58.89952202170376,15.21316000297589,46.05176973911546
41.39492673494689,0,0,36.93902529908205,11.000315049166929,58.856843944231784
43.95319149872589,0,0,41.03046274097845,10.31519964792149,33.256677780498194
29.129307542904836,0,0,29.701277840150947,12.417090321470514,22.20029259750793
47.058768196238304,0,0,38.13567404699523,14.570310419020084,44.50646673608958
39.121624522863804,0,0,45.75005619378262,12.983349632306682,60.08264192107468
50.79202928689644,1,0,46.08017261399681,13.602370150354416,53.145919316531284
40.48891953257535,0,0,40.77917511923817,14.998329441449727,59.33639000273372
51.045422455492165,1,1,42.38744628728119,11.553089555203357,25.90901052047123
48.55314239257657,0,0,45.7115367487215,12.516654098431237,53.64127593913956
66.72041773042321,1,0,57.9898966491869,16.7708235554351,59.51841582875086
54.97217980453194,1,1,55.73399814558009,12.755543147940704,34.287648909124975
31.60362127437697,0,0,38.47514355561312,9.913434706298165,58.505053213996234
37.35111155897292,0,0,34.157613469104845,11.281821154268599,47.396884397827776
50.55208008992333,1,1,50.17853371373363,11.140202700255216,86.91124842826434
40.701520516073494,0,0,43.021100099943176,13.435370786884745,22.943319224846526
