entity,time,treated,post,treat_post,outcome,event_time,event_tm5,event_tm4,event_tm3,event_tm2,event_tm1
0,0,0,0,0,-0.9172255896634056,0,0,0,0,0,0
0,1,0,0,0,2.479465347323457,0,0,0,0,0,0
0,2,0,0,0,3.166457905233099,0,0,0,0,0,0
0,3,0,0,0,-1.8053850331745842,0,0,0,0,0,0
0,4,0,0,0,-1.5176609358586206,0,0,0,0,0,0
0,5,0,0,0,1.545035720452848,0,0,0,0,0,0
0,6,0,0,0,0.2862726134961519,0,0,0,0,0,0
0,7,0,0,0,0.8157029482220448,0,0,0,0,0,0
0,8,0,0,0,2.4644036741888358,0,0,0,0,0,0
0,9,0,0,0,3.8745497491677323,0,0,0,0,0,0
0,10,0,0,0,0.319230297472493,0,0,0,0,0,0
0,11,0,0,0,-1.6028778001124726,0,0,0,0,0,0
0,12,0,0,0,2.9776558153202095,0,0,0,0,0,0
0,13,0,0,0,2.1248431150733658,0,0,0,0,0,0
0,14,0,0,0,0.9309757802930814,0,0,0,0,0,0
0,15,0,0,0,-1.0770037683103681,0,0,0,0,0,0
0,16,0,0,0,-0.3700547633987221,0,0,0,0,0,0
0,17,0,0,0,-0.5690059651538582,0,0,0,0,0,0
0,18,0,0,0,-1.5511847099496634,0,0,0,0,0,0
0,19,0,0,0,2.1264206501673772,0,0,0,0,0,0
0,20,0,1,0,4.208528472822448,0,0,0,0,0,0
0,21,0,1,0,2.0627533650233207,0,0,0,0,0,0
0,22,0,1,0,3.1086652877094103,0,0,0,0,0,0
0,23,0,1,0,1.3513506977088672,0,0,0,0,0,0
1,0,1,0,0,-2.486728650812797,-20,0,0,0,0,0
1,1,1,0,0,-0.8263389991531633,-19,0,0,0,0,0
1,2,1,0,0,1.688381324007418,-18,0,0,0,0,0
1,3,1,0,0,1.4233889336829748,-17,0,0,0,0,0
1,4,1,0,0,-5.6655620804805595,-16,0,0,0,0,0
1,5,1,0,0,-0.9296291236593803,-15,0,0,0,0,0
1,6,1,0,0,-0.025246180512313865,-14,0,0,0,0,0
1,7,1,0,0,-2.9713786691500124,-13,0,0,0,0,0
1,8,1,0,0,2.8845832525671993,-12,0,0,0,0,0
1,9,1,0,0,3.7550141002956297,-11,0,0,0,0,0
1,10,1,0,0,3.5362559649566974,-10,0,0,0,0,0
1,11,1,0,0,-3.4141891777534847,-9,0,0,0,0,0
1,12,1,0,0,-0.9178752323391259,-8,0,0,0,0,0
1,13,1,0,0,-0.492414764011416,-7,0,0,0,0,0
1,14,1,0,0,2.921041263244094,-6,0,0,0,0,0
1,15,1,0,0,1.1867660513135592,-5,1,0,0,0,0
1,16,1,0,0,0.5242732666118805,-4,0,1,0,0,0
1,17,1,0,0,-2.6137463329154045,-3,0,0,1,0,0
1,18,1,0,0,-3.3555150969237095,-2,0,0,0,1,0
1,19,1,0,0,2.1838888402185015,-1,0,0,0,0,1
1,20,1,1,1,2.813376848615132,0,0,0,0,0,0
1,21,1,1,1,2.5956909018988763,1,0,0,0,0,0
1,22,1,1,1,2.570236495378578,2,0,0,0,0,0
1,23,1,1,1,3.589301470524317,3,0,0,0,0,0
2,0,1,0,0,0.2619711322180651,-20,0,0,0,0,0
2,1,1,0,0,0.4393914739175814,-19,0,0,0,0,0
2,2,1,0,0,2.729041505996636,-18,0,0,0,0,0
2,3,1,0,0,2.095184654786709,-17,0,0,0,0,0
2,4,1,0,0,-0.7488319986224425,-16,0,0,0,0,0
2,5,1,0,0,4.157024469469654,-15,0,0,0,0,0
2,6,1,0,0,1.962573295471488,-14,0,0,0,0,0
2,7,1,0,0,2.6350514003158176,-13,0,0,0,0,0
2,8,1,0,0,6.9751622663878114,-12,0,0,0,0,0
2,9,1,0,0,3.5183282225506396,-11,0,0,0,0,0
2,10,1,0,0,3.496825776891217,-10,0,0,0,0,0
2,11,1,0,0,-1.8954316036688963,-9,0,0,0,0,0
2,12,1,0,0,3.1107317467701083,-8,0,0,0,0,0
2,13,1,0,0,4.554687698505936,-7,0,0,0,0,0
2,14,1,0,0,2.593436634472466,-6,0,0,0,0,0
2,15,1,0,0,1.9111784068782152,-5,1,0,0,0,0
2,16,1,0,0,3.3973538564446084,-4,0,1,0,0,0
2,17,1,0,0,0.06982807053833329,-3,0,0,1,0,0
2,18,1,0,0,0.821754515005694,-2,0,0,0,1,0
2,19,1,0,0,3.8303667770776806,-1,0,0,0,0,1
2,20,1,1,1,5.180263332904865,0,0,0,0,0,0
2,21,1,1,1,5.723066459622709,1,0,0,0,0,0
2,22,1,1,1,8.287789902357426,2,0,0,0,0,0
2,23,1,1,1,6.118089261717414,3,0,0,0,0,0
3,0,0,0,0,1.6976552594925276,0,0,0,0,0,0
3,1,0,0,0,2.5210428903086086,0,0,0,0,0,0
3,2,0,0,0,4.987691941981112,0,0,0,0,0,0
3,3,0,0,0,6.411292188257189,0,0,0,0,0,0
3,4,0,0,0,2.9455935421044606,0,0,0,0,0,0
3,5,0,0,0,5.853986874098342,0,0,0,0,0,0
3,6,0,0,0,5.209728385834457,0,0,0,0,0,0
3,7,0,0,0,1.9137839336430966,0,0,0,0,0,0
3,8,0,0,0,6.011234925548275,0,0,0,0,0,0
3,9,0,0,0,4.576282029141533,0,0,0,0,0,0
3,10,0,0,0,5.273978683216585,0,0,0,0,0,0
3,11,0,0,0,4.208664845065142,0,0,0,0,0,0
3,12,0,0,0,3.591273055230932,0,0,0,0,0,0
3,13,0,0,0,7.045689388061154,0,0,0,0,0,0
3,14,0,0,0,7.327119829006788,0,0,0,0,0,0
3,15,0,0,0,7.7123743321261085,0,0,0,0,0,0
3,16,0,0,0,4.338419761124362,0,0,0,0,0,0
3,17,0,0,0,0.24681172043969646,0,0,0,0,0,0
3,18,0,0,0,2.1248818369205216,0,0,0,0,0,0
3,19,0,0,0,4.749617774913283,0,0,0,0,0,0
3,20,0,1,0,8.747339627585331,0,0,0,0,0,0
3,21,0,1,0,4.488039422768442,0,0,0,0,0,0
3,22,0,1,0,6.3702476393614,0,0,0,0,0,0
3,23,0,1,0,5.106163035996855,0,0,0,0,0,0
4,0,0,0,0,-1.0316373140378177,0,0,0,0,0,0
4,1,0,0,0,-2.3024310146065865,0,0,0,0,0,0
4,2,0,0,0,2.5773590206232355,0,0,0,0,0,0
4,3,0,0,0,1.5531332074863902,0,0,0,0,0,0
4,4,0,0,0,-4.741753003803548,0,0,0,0,0,0
4,5,0,0,0,-1.443362114197635,0,0,0,0,0,0
4,6,0,0,0,-2.2420726614560738,0,0,0,0,0,0
4,7,0,0,0,-0.9911402642359948,0,0,0,0,0,0
4,8,0,0,0,0.6596107608383733,0,0,0,0,0,0
4,9,0,0,0,2.3046513287234056,0,0,0,0,0,0
4,10,0,0,0,3.8045063225172315,0,0,0,0,0,0
4,11,0,0,0,-2.034464586197586,0,0,0,0,0,0
4,12,0,0,0,-2.5342902129579787,0,0,0,0,0,0
4,13,0,0,0,1.5462020019306844,0,0,0,0,0,0
4,14,0,0,0,1.3256714192941634,0,0,0,0,0,0
4,15,0,0,0,-0.35213786336990793,0,0,0,0,0,0
4,16,0,0,0,0.525519738648965,0,0,0,0,0,0
4,17,0,0,0,-4.353642216822233,0,0,0,0,0,0
4,18,0,0,0,-1.0218664660734347,0,0,0,0,0,0
4,19,0,0,0,2.280274460553227,0,0,0,0,0,0
4,20,0,1,0,1.104163374244845,0,0,0,0,0,0
4,21,0,1,0,-0.38980668752439673,0,0,0,0,0,0
4,22,0,1,0,1.6904169080842006,0,0,0,0,0,0
4,23,0,1,0,0.056709647624015806,0,0,0,0,0,0
5,0,1,0,0,-0.8342283044183696,-20,0,0,0,0,0
5,1,1,0,0,0.5323460797331743,-19,0,0,0,0,0
5,2,1,0,0,1.4227931407012382,-18,0,0,0,0,0
5,3,1,0,0,1.9811477002475093,-17,0,0,0,0,0
5,4,1,0,0,-2.7461872658168414,-16,0,0,0,0,0
5,5,1,0,0,0.2942013052066559,-15,0,0,0,0,0
5,6,1,0,0,-1.2083040486016927,-14,0,0,0,0,0
5,7,1,0,0,-3.785102928949482,-13,0,0,0,0,0
5,8,1,0,0,-1.7302108829765668,-12,0,0,0,0,0
5,9,1,0,0,1.607122371308368,-11,0,0,0,0,0
5,10,1,0,0,-0.12374400935919683,-10,0,0,0,0,0
5,11,1,0,0,-2.4403001303522474,-9,0,0,0,0,0
5,12,1,0,0,-2.122829735325067,-8,0,0,0,0,0
5,13,1,0,0,-2.7226287655111587,-7,0,0,0,0,0
5,14,1,0,0,1.7846361963021278,-6,0,0,0,0,0
5,15,1,0,0,-2.2825570546229588,-5,1,0,0,0,0
5,16,1,0,0,-0.953430755363954,-4,0,1,0,0,0
5,17,1,0,0,-4.2547612293034325,-3,0,0,1,0,0
5,18,1,0,0,-3.5970499901009836,-2,0,0,0,1,0
5,19,1,0,0,3.263210985640173,-1,0,0,0,0,1
5,20,1,1,1,4.552895686400727,0,0,0,0,0,0
5,21,1,1,1,2.3279334035857917,1,0,0,0,0,0
5,22,1,1,1,1.748347214622447,2,0,0,0,0,0
5,23,1,1,1,5.95441511533642,3,0,0,0,0,0
6,0,0,0,0,6.063070667213557,0,0,0,0,0,0
6,1,0,0,0,5.861514141030156,0,0,0,0,0,0
6,2,0,0,0,8.095031865367318,0,0,0,0,0,0
6,3,0,0,0,5.447589943048894,0,0,0,0,0,0
6,4,0,0,0,1.8746691610968036,0,0,0,0,0,0
6,5,0,0,0,6.957836001304193,0,0,0,0,0,0
6,6,0,0,0,3.0246192644759815,0,0,0,0,0,0
6,7,0,0,0,2.717046329581483,0,0,0,0,0,0
6,8,0,0,0,3.457292485568112,0,0,0,0,0,0
6,9,0,0,0,5.641908874878943,0,0,0,0,0,0
6,10,0,0,0,9.092151280666803,0,0,0,0,0,0
6,11,0,0,0,2.5578327633513456,0,0,0,0,0,0
6,12,0,0,0,3.64244333505387,0,0,0,0,0,0
6,13,0,0,0,5.87681585798498,0,0,0,0,0,0
6,14,0,0,0,4.270387740005107,0,0,0,0,0,0
6,15,0,0,0,5.197362505962945,0,0,0,0,0,0
6,16,0,0,0,6.265930776253853,0,0,0,0,0,0
6,17,0,0,0,3.0909128967007318,0,0,0,0,0,0
6,18,0,0,0,4.822251678080068,0,0,0,0,0,0
6,19,0,0,0,4.372442442106725,0,0,0,0,0,0
6,20,0,1,0,10.215692200291588,0,0,0,0,0,0
6,21,0,1,0,3.497506098517026,0,0,0,0,0,0
6,22,0,1,0,4.824824642411528,0,0,0,0,0,0
6,23,0,1,0,5.104822554807439,0,0,0,0,0,0
7,0,1,0,0,3.6706242913777656,-20,0,0,0,0,0
7,1,1,0,0,1.351863434189829,-19,0,0,0,0,0
7,2,1,0,0,3.017661155054936,-18,0,0,0,0,0
7,3,1,0,0,1.047127054875859,-17,0,0,0,0,0
7,4,1,0,0,-1.3814538803863623,-16,0,0,0,0,0
7,5,1,0,0,-0.04197023108815756,-15,0,0,0,0,0
7,6,1,0,0,-0.4181496357640666,-14,0,0,0,0,0
7,7,1,0,0,3.2630616646354342,-13,0,0,0,0,0
7,8,1,0,0,5.510552475867317,-12,0,0,0,0,0
7,9,1,0,0,4.171685012641066,-11,0,0,0,0,0
7,10,1,0,0,3.4663672688093032,-10,0,0,0,0,0
7,11,1,0,0,0.7116324944737153,-9,0,0,0,0,0
7,12,1,0,0,5.205874828431781,-8,0,0,0,0,0
7,13,1,0,0,3.572294313421642,-7,0,0,0,0,0
7,14,1,0,0,5.61800170414317,-6,0,0,0,0,0
7,15,1,0,0,1.0402694230208196,-5,1,0,0,0,0
7,16,1,0,0,2.0223311448068326,-4,0,1,0,0,0
7,17,1,0,0,1.0603782846272356,-3,0,0,1,0,0
7,18,1,0,0,0.09903318103342817,-2,0,0,0,1,0
7,19,1,0,0,1.0812903585141358,-1,0,0,0,0,1
7,20,1,1,1,9.285595387116569,0,0,0,0,0,0
7,21,1,1,1,3.585583427641063,1,0,0,0,0,0
7,22,1,1,1,9.826346445667152,2,0,0,0,0,0
7,23,1,1,1,6.405849006702951,3,0,0,0,0,0
8,0,0,0,0,-2.741652951134655,0,0,0,0,0,0
8,1,0,0,0,-1.6707099895692799,0,0,0,0,0,0
8,2,0,0,0,0.5430744617877055,0,0,0,0,0,0
8,3,0,0,0,-1.4508357277464743,0,0,0,0,0,0
8,4,0,0,0,-4.623106076601744,0,0,0,0,0,0
8,5,0,0,0,0.567230481764732,0,0,0,0,0,0
8,6,0,0,0,-2.875382341604941,0,0,0,0,0,0
8,7,0,0,0,-3.695622905776192,0,0,0,0,0,0
8,8,0,0,0,-0.7183035414976601,0,0,0,0,0,0
8,9,0,0,0,2.0815925279570875,0,0,0,0,0,0
8,10,0,0,0,2.6329624516210974,0,0,0,0,0,0
8,11,0,0,0,-2.5438373363364275,0,0,0,0,0,0
8,12,0,0,0,-1.1548767084536995,0,0,0,0,0,0
8,13,0,0,0,-1.6904475808953976,0,0,0,0,0,0
8,14,0,0,0,1.8577990713683503,0,0,0,0,0,0
8,15,0,0,0,-1.5391661177978244,0,0,0,0,0,0
8,16,0,0,0,-2.8449330480237163,0,0,0,0,0,0
8,17,0,0,0,-6.3026005237145855,0,0,0,0,0,0
8,18,0,0,0,-5.63169156238898,0,0,0,0,0,0
8,19,0,0,0,-0.7871756052882799,0,0,0,0,0,0
8,20,0,1,0,3.0469628759569516,0,0,0,0,0,0
8,21,0,1,0,0.7768462627934645,0,0,0,0,0,0
8,22,0,1,0,-0.06063417523222381,0,0,0,0,0,0
8,23,0,1,0,-1.2970241368665316,0,0,0,0,0,0
9,0,1,0,0,0.5804262979271764,-20,0,0,0,0,0
9,1,1,0,0,0.7246223524481571,-19,0,0,0,0,0
9,2,1,0,0,5.138325709156844,-18,0,0,0,0,0
9,3,1,0,0,1.5301345695141522,-17,0,0,0,0,0
9,4,1,0,0,-0.4746856982960763,-16,0,0,0,0,0
9,5,1,0,0,1.9170108727428514,-15,0,0,0,0,0
9,6,1,0,0,2.138477636527045,-14,0,0,0,0,0
9,7,1,0,0,-0.13272456328683713,-13,0,0,0,0,0
9,8,1,0,0,1.931390684077063,-12,0,0,0,0,0
9,9,1,0,0,6.558155635509752,-11,0,0,0,0,0
9,10,1,0,0,5.088080992810668,-10,0,0,0,0,0
9,11,1,0,0,-2.7388225658902057,-9,0,0,0,0,0
9,12,1,0,0,0.3390951113706032,-8,0,0,0,0,0
9,13,1,0,0,4.097591376232883,-7,0,0,0,0,0
9,14,1,0,0,1.7837796811823292,-6,0,0,0,0,0
9,15,1,0,0,1.8253491493519807,-5,1,0,0,0,0
9,16,1,0,0,2.256946332634947,-4,0,1,0,0,0
9,17,1,0,0,-1.6337096843920382,-3,0,0,1,0,0
9,18,1,0,0,-0.777958686772159,-2,0,0,0,1,0
9,19,1,0,0,0.11770515260087056,-1,0,0,0,0,1
9,20,1,1,1,9.345807462749619,0,0,0,0,0,0
9,21,1,1,1,3.370021123801844,1,0,0,0,0,0
9,22,1,1,1,7.19046550360633,2,0,0,0,0,0
9,23,1,1,1,5.6217141930663,3,0,0,0,0,0
10,0,0,0,0,-0.7931203130768223,0,0,0,0,0,0
10,1,0,0,0,-2.961485730710802,0,0,0,0,0,0
10,2,0,0,0,1.0297254652916452,0,0,0,0,0,0
10,3,0,0,0,0.13564730462132735,0,0,0,0,0,0
10,4,0,0,0,-3.6075210020171355,0,0,0,0,0,0
10,5,0,0,0,0.9894463679655892,0,0,0,0,0,0
10,6,0,0,0,-2.876490235133001,0,0,0,0,0,0
10,7,0,0,0,-3.7404382440059383,0,0,0,0,0,0
10,8,0,0,0,1.8732665486166062,0,0,0,0,0,0
10,9,0,0,0,-2.3838679359036936,0,0,0,0,0,0
10,10,0,0,0,2.827355580609019,0,0,0,0,0,0
10,11,0,0,0,-3.522174487997126,0,0,0,0,0,0
10,12,0,0,0,-2.0155220736252604,0,0,0,0,0,0
10,13,0,0,0,-1.7512401173104897,0,0,0,0,0,0
10,14,0,0,0,0.4885439475036122,0,0,0,0,0,0
10,15,0,0,0,-0.4418942151565943,0,0,0,0,0,0
10,16,0,0,0,-0.6052763795689617,0,0,0,0,0,0
10,17,0,0,0,-2.863893300748835,0,0,0,0,0,0
10,18,0,0,0,-3.649356817401113,0,0,0,0,0,0
10,19,0,0,0,-1.9336163923571146,0,0,0,0,0,0
10,20,0,1,0,0.05602160842764947,0,0,0,0,0,0
10,21,0,1,0,-2.0490751765448065,0,0,0,0,0,0
10,22,0,1,0,1.30332739898992,0,0,0,0,0,0
10,23,0,1,0,-0.5625020315637999,0,0,0,0,0,0
11,0,1,0,0,-1.3616212179624902,-20,0,0,0,0,0
11,1,1,0,0,-1.6080257210389988,-19,0,0,0,0,0
11,2,1,0,0,0.7985810586349176,-18,0,0,0,0,0
11,3,1,0,0,2.7036892647769575,-17,0,0,0,0,0
11,4,1,0,0,-4.313929543861346,-16,0,0,0,0,0
11,5,1,0,0,-1.3969346243337388,-15,0,0,0,0,0
11,6,1,0,0,0.6225966881869915,-14,0,0,0,0,0
11,7,1,0,0,-0.9504159387025903,-13,0,0,0,0,0
11,8,1,0,0,2.550295002336688,-12,0,0,0,0,0
11,9,1,0,0,0.4984118808368661,-11,0,0,0,0,0
11,10,1,0,0,1.9298346672432807,-10,0,0,0,0,0
11,11,1,0,0,-5.254898495764589,-9,0,0,0,0,0
11,12,1,0,0,-0.839604396041947,-8,0,0,0,0,0
11,13,1,0,0,-0.9712483352847977,-7,0,0,0,0,0
11,14,1,0,0,-1.4786859397429508,-6,0,0,0,0,0
11,15,1,0,0,-0.8066371303743858,-5,1,0,0,0,0
11,16,1,0,0,-4.483704201532429,-4,0,1,0,0,0
11,17,1,0,0,-6.478918984319155,-3,0,0,1,0,0
11,18,1,0,0,-3.2458878206641586,-2,0,0,0,1,0
11,19,1,0,0,1.0848836495678076,-1,0,0,0,0,1
11,20,1,1,1,5.1210765264506914,0,0,0,0,0,0
11,21,1,1,1,1.9217350209227597,1,0,0,0,0,0
11,22,1,1,1,5.174864473217721,2,0,0,0,0,0
11,23,1,1,1,2.7264472194281266,3,0,0,0,0,0
12,0,0,0,0,-0.9122507680050089,0,0,0,0,0,0
12,1,0,0,0,-0.3058074009093321,0,0,0,0,0,0
12,2,0,0,0,2.4167994836551174,0,0,0,0,0,0
12,3,0,0,0,1.8563396804698002,0,0,0,0,0,0
12,4,0,0,0,-4.446212298877353,0,0,0,0,0,0
12,5,0,0,0,1.8854380513261226,0,0,0,0,0,0
12,6,0,0,0,-0.17389800638195094,0,0,0,0,0,0
12,7,0,0,0,-0.2145044490827036,0,0,0,0,0,0
12,8,0,0,0,2.36732394483583,0,0,0,0,0,0
12,9,0,0,0,-0.8905110422835958,0,0,0,0,0,0
12,10,0,0,0,1.2365063249334975,0,0,0,0,0,0
12,11,0,0,0,-1.115491227880458,0,0,0,0,0,0
12,12,0,0,0,0.024234625549162586,0,0,0,0,0,0
12,13,0,0,0,1.7774976410047714,0,0,0,0,0,0
12,14,0,0,0,3.1304995044402846,0,0,0,0,0,0
12,15,0,0,0,2.041888323408367,0,0,0,0,0,0
12,16,0,0,0,0.8232565830173892,0,0,0,0,0,0
12,17,0,0,0,-1.956318695638615,0,0,0,0,0,0
12,18,0,0,0,-4.065211642269463,0,0,0,0,0,0
12,19,0,0,0,0.29805328617371263,0,0,0,0,0,0
12,20,0,1,0,4.241604586802556,0,0,0,0,0,0
12,21,0,1,0,2.172536792703137,0,0,0,0,0,0
12,22,0,1,0,5.045009105859425,0,0,0,0,0,0
12,23,0,1,0,0.20731924641980082,0,0,0,0,0,0
13,0,0,0,0,-7.635325803909201,0,0,0,0,0,0
13,1,0,0,0,-6.297617746768299,0,0,0,0,0,0
13,2,0,0,0,-0.5544978998402046,0,0,0,0,0,0
13,3,0,0,0,-4.880311952515627,0,0,0,0,0,0
13,4,0,0,0,-6.939026762599404,0,0,0,0,0,0
13,5,0,0,0,-4.836713440822841,0,0,0,0,0,0
13,6,0,0,0,-4.780137515163343,0,0,0,0,0,0
13,7,0,0,0,-5.553814964757193,0,0,0,0,0,0
13,8,0,0,0,-4.267355957529431,0,0,0,0,0,0
13,9,0,0,0,-5.208416559874724,0,0,0,0,0,0
13,10,0,0,0,-4.280922152634422,0,0,0,0,0,0
13,11,0,0,0,-5.184708019591952,0,0,0,0,0,0
13,12,0,0,0,-5.041527732955652,0,0,0,0,0,0
13,13,0,0,0,-5.727789361324036,0,0,0,0,0,0
13,14,0,0,0,-4.302213437665274,0,0,0,0,0,0
13,15,0,0,0,-9.294498865312324,0,0,0,0,0,0
13,16,0,0,0,-3.944650499328311,0,0,0,0,0,0
13,17,0,0,0,-6.623415341616219,0,0,0,0,0,0
13,18,0,0,0,-8.337870713697514,0,0,0,0,0,0
13,19,0,0,0,-3.814587460424863,0,0,0,0,0,0
13,20,0,1,0,-6.283659419027362,0,0,0,0,0,0
13,21,0,1,0,-6.613932721198185,0,0,0,0,0,0
13,22,0,1,0,-1.7311064768931415,0,0,0,0,0,0
13,23,0,1,0,-3.5442476187830034,0,0,0,0,0,0
14,0,0,0,0,-6.118391078732619,0,0,0,0,0,0
14,1,0,0,0,-6.118108427411078,0,0,0,0,0,0
14,2,0,0,0,-1.8659009005567775,0,0,0,0,0,0
14,3,0,0,0,-4.9095945782288055,0,0,0,0,0,0
14,4,0,0,0,-11.197873602557078,0,0,0,0,0,0
14,5,0,0,0,-4.535884268260317,0,0,0,0,0,0
14,6,0,0,0,-5.340239067743366,0,0,0,0,0,0
14,7,0,0,0,-4.844580970953984,0,0,0,0,0,0
14,8,0,0,0,-6.113194560601361,0,0,0,0,0,0
14,9,0,0,0,-3.2971214123743797,0,0,0,0,0,0
14,10,0,0,0,-3.4251487414393864,0,0,0,0,0,0
14,11,0,0,0,-8.505066401255045,0,0,0,0,0,0
14,12,0,0,0,-5.061668336856587,0,0,0,0,0,0
14,13,0,0,0,-3.3911745873142687,0,0,0,0,0,0
14,14,0,0,0,-3.6597017053409453,0,0,0,0,0,0
14,15,0,0,0,-3.0504630602974703,0,0,0,0,0,0
14,16,0,0,0,-6.02511146216722,0,0,0,0,0,0
14,17,0,0,0,-8.057448651587155,0,0,0,0,0,0
14,18,0,0,0,-8.280673767653344,0,0,0,0,0,0
14,19,0,0,0,-4.772950462683435,0,0,0,0,0,0
14,20,0,1,0,-3.300811680248238,0,0,0,0,0,0
14,21,0,1,0,-7.4699070445485525,0,0,0,0,0,0
14,22,0,1,0,-3.4549869376249895,0,0,0,0,0,0
14,23,0,1,0,-4.365270442907385,0,0,0,0,0,0
15,0,1,0,0,-6.550754739573533,-20,0,0,0,0,0
15,1,1,0,0,-2.761064398362277,-19,0,0,0,0,0
15,2,1,0,0,0.49058298732780725,-18,0,0,0,0,0
15,3,1,0,0,-0.22774252255018612,-17,0,0,0,0,0
15,4,1,0,0,-3.405990289584648,-16,0,0,0,0,0
15,5,1,0,0,0.23833674796743676,-15,0,0,0,0,0
15,6,1,0,0,-3.387572732358879,-14,0,0,0,0,0
15,7,1,0,0,-4.145324846721305,-13,0,0,0,0,0
15,8,1,0,0,0.4057465922835989,-12,0,0,0,0,0
15,9,1,0,0,-0.44578329723729804,-11,0,0,0,0,0
15,10,1,0,0,-1.6663833781759572,-10,0,0,0,0,0
15,11,1,0,0,0.19591498093269966,-9,0,0,0,0,0
15,12,1,0,0,-2.771373736351138,-8,0,0,0,0,0
15,13,1,0,0,-1.9641219989486058,-7,0,0,0,0,0
15,14,1,0,0,-3.0239674178411677,-6,0,0,0,0,0
15,15,1,0,0,-1.3681079248452548,-5,1,0,0,0,0
15,16,1,0,0,-3.540084309745364,-4,0,1,0,0,0
15,17,1,0,0,-3.856601696383235,-3,0,0,1,0,0
15,18,1,0,0,-2.626341101427628,-2,0,0,0,1,0
15,19,1,0,0,-1.5202137645206293,-1,0,0,0,0,1
15,20,1,1,1,3.494841147145036,0,0,0,0,0,0
15,21,1,1,1,2.804798284407127,1,0,0,0,0,0
15,22,1,1,1,-1.0149173772340885,2,0,0,0,0,0
15,23,1,1,1,0.17065069190352222,3,0,0,0,0,0
16,0,1,0,0,-5.834994603473296,-20,0,0,0,0,0
16,1,1,0,0,-4.2401285867634595,-19,0,0,0,0,0
16,2,1,0,0,-0.9959352246257471,-18,0,0,0,0,0
16,3,1,0,0,-3.9431507312862344,-17,0,0,0,0,0
16,4,1,0,0,-7.546133690898263,-16,0,0,0,0,0
16,5,1,0,0,-3.550162877892916,-15,0,0,0,0,0
16,6,1,0,0,-4.334841789595208,-14,0,0,0,0,0
16,7,1,0,0,-4.065003262818545,-13,0,0,0,0,0
16,8,1,0,0,-0.4492945997649149,-12,0,0,0,0,0
16,9,1,0,0,0.6065021788082521,-11,0,0,0,0,0
16,10,1,0,0,-0.19548173076788888,-10,0,0,0,0,0
16,11,1,0,0,-6.027889586676194,-9,0,0,0,0,0
16,12,1,0,0,-3.6618619931967316,-8,0,0,0,0,0
16,13,1,0,0,1.1855276070424385,-7,0,0,0,0,0
16,14,1,0,0,0.43439593227239337,-6,0,0,0,0,0
16,15,1,0,0,-4.657598675004139,-5,1,0,0,0,0
16,16,1,0,0,-1.0367540398852357,-4,0,1,0,0,0
16,17,1,0,0,-5.8332670937114495,-3,0,0,1,0,0
16,18,1,0,0,-6.433509561619515,-2,0,0,0,1,0
16,19,1,0,0,0.6801561876779703,-1,0,0,0,0,1
16,20,1,1,1,0.059512761120526836,0,0,0,0,0,0
16,21,1,1,1,-3.7031799745664737,1,0,0,0,0,0
16,22,1,1,1,2.7304993018714896,2,0,0,0,0,0
16,23,1,1,1,0.07631508651631574,3,0,0,0,0,0
17,0,1,0,0,-0.3058982011978618,-20,0,0,0,0,0
17,1,1,0,0,-0.5206698032742193,-19,0,0,0,0,0
17,2,1,0,0,2.6992463991475657,-18,0,0,0,0,0
17,3,1,0,0,0.9428137226756798,-17,0,0,0,0,0
17,4,1,0,0,-3.5223277083212468,-16,0,0,0,0,0
17,5,1,0,0,1.0180446030222692,-15,0,0,0,0,0
17,6,1,0,0,-0.44759942127336105,-14,0,0,0,0,0
17,7,1,0,0,-1.653977659354199,-13,0,0,0,0,0
17,8,1,0,0,1.3483407764697914,-12,0,0,0,0,0
17,9,1,0,0,-0.7493982397155996,-11,0,0,0,0,0
17,10,1,0,0,3.8322655383509714,-10,0,0,0,0,0
17,11,1,0,0,-0.15031314518474226,-9,0,0,0,0,0
17,12,1,0,0,0.19695399733964394,-8,0,0,0,0,0
17,13,1,0,0,1.9612554377325644,-7,0,0,0,0,0
17,14,1,0,0,3.3041983567384827,-6,0,0,0,0,0
17,15,1,0,0,-1.1016091728112065,-5,1,0,0,0,0
17,16,1,0,0,-0.22744640887241951,-4,0,1,0,0,0
17,17,1,0,0,-0.4774530357806702,-3,0,0,1,0,0
17,18,1,0,0,-1.138416022636816,-2,0,0,0,1,0
17,19,1,0,0,5.632774377097676,-1,0,0,0,0,1
17,20,1,1,1,8.434640288083433,0,0,0,0,0,0
17,21,1,1,1,4.548239965207679,1,0,0,0,0,0
17,22,1,1,1,4.157205419978141,2,0,0,0,0,0
17,23,1,1,1,3.169178542976727,3,0,0,0,0,0
18,0,1,0,0,-5.6668307287961515,-20,0,0,0,0,0
18,1,1,0,0,-3.2257137438031442,-19,0,0,0,0,0
18,2,1,0,0,-4.721260040815354,-18,0,0,0,0,0
18,3,1,0,0,-2.7247645628412087,-17,0,0,0,0,0
18,4,1,0,0,-6.710227136271826,-16,0,0,0,0,0
18,5,1,0,0,-4.362340087529031,-15,0,0,0,0,0
18,6,1,0,0,-2.297632315528314,-14,0,0,0,0,0
18,7,1,0,0,-5.786628820060375,-13,0,0,0,0,0
18,8,1,0,0,-1.0991056503270051,-12,0,0,0,0,0
18,9,1,0,0,3.513592953661846,-11,0,0,0,0,0
18,10,1,0,0,-3.2780204032640676,-10,0,0,0,0,0
18,11,1,0,0,-4.625334380519484,-9,0,0,0,0,0
18,12,1,0,0,-3.95368718471896,-8,0,0,0,0,0
18,13,1,0,0,-2.9644983821010813,-7,0,0,0,0,0
18,14,1,0,0,0.36739466963412615,-6,0,0,0,0,0
18,15,1,0,0,-2.0229270450115484,-5,1,0,0,0,0
18,16,1,0,0,-1.9379329559392624,-4,0,1,0,0,0
18,17,1,0,0,-6.0217507982525404,-3,0,0,1,0,0
18,18,1,0,0,-1.4657133571213503,-2,0,0,0,1,0
18,19,1,0,0,-3.754385364288075,-1,0,0,0,0,1
18,20,1,1,1,0.789464227026571,0,0,0,0,0,0
18,21,1,1,1,-0.26349854313874,1,0,0,0,0,0
18,22,1,1,1,1.7670844479388896,2,0,0,0,0,0
18,23,1,1,1,1.0812659425997597,3,0,0,0,0,0
19,0,1,0,0,-3.3063983781824895,-20,0,0,0,0,0
19,1,1,0,0,-5.3379650249738475,-19,0,0,0,0,0
19,2,1,0,0,-1.952072461248572,-18,0,0,0,0,0
19,3,1,0,0,-4.441448603955325,-17,0,0,0,0,0
19,4,1,0,0,-6.880498637040379,-16,0,0,0,0,0
19,5,1,0,0,-4.066460931191793,-15,0,0,0,0,0
19,6,1,0,0,-5.485661196438022,-14,0,0,0,0,0
19,7,1,0,0,-4.775530375172125,-13,0,0,0,0,0
19,8,1,0,0,-1.4611771357032401,-12,0,0,0,0,0
19,9,1,0,0,-5.487071886524788,-11,0,0,0,0,0
19,10,1,0,0,-1.8331832287633345,-10,0,0,0,0,0
19,11,1,0,0,-6.320651128467459,-9,0,0,0,0,0
19,12,1,0,0,-3.4339104492161896,-8,0,0,0,0,0
19,13,1,0,0,-3.9495681428105134,-7,0,0,0,0,0
19,14,1,0,0,-0.3342422000177063,-6,0,0,0,0,0
19,15,1,0,0,-6.209879110422513,-5,1,0,0,0,0
19,16,1,0,0,-7.953723918772342,-4,0,1,0,0,0
19,17,1,0,0,-4.872191491010431,-3,0,0,1,0,0
19,18,1,0,0,-7.8946417955354224,-2,0,0,0,1,0
19,19,1,0,0,-4.982237364332769,-1,0,0,0,0,1
19,20,1,1,1,0.849649081101668,0,0,0,0,0,0
19,21,1,1,1,-2.389699346211795,1,0,0,0,0,0
19,22,1,1,1,1.3548121553956844,2,0,0,0,0,0
19,23,1,1,1,0.17497717581221095,3,0,0,0,0,0
20,0,1,0,0,3.100688558809334,-20,0,0,0,0,0
20,1,1,0,0,2.1484448519681103,-19,0,0,0,0,0
20,2,1,0,0,6.941602651038941,-18,0,0,0,0,0
20,3,1,0,0,5.331974456082451,-17,0,0,0,0,0
20,4,1,0,0,1.7242710077436567,-16,0,0,0,0,0
20,5,1,0,0,3.7329041749372,-15,0,0,0,0,0
20,6,1,0,0,3.0262224361806997,-14,0,0,0,0,0
20,7,1,0,0,3.8071694806569036,-13,0,0,0,0,0
20,8,1,0,0,7.491289467293985,-12,0,0,0,0,0
20,9,1,0,0,7.907828363695949,-11,0,0,0,0,0
20,10,1,0,0,6.382588851726256,-10,0,0,0,0,0
20,11,1,0,0,1.9874187244376635,-9,0,0,0,0,0
20,12,1,0,0,4.384252393081191,-8,0,0,0,0,0
20,13,1,0,0,3.4223875136315844,-7,0,0,0,0,0
20,14,1,0,0,5.12253440211804,-6,0,0,0,0,0
20,15,1,0,0,5.703254799763518,-5,1,0,0,0,0
20,16,1,0,0,4.628680073507411,-4,0,1,0,0,0
20,17,1,0,0,1.6629862580931736,-3,0,0,1,0,0
20,18,1,0,0,3.2482410854812236,-2,0,0,0,1,0
20,19,1,0,0,7.9524603973274495,-1,0,0,0,0,1
20,20,1,1,1,8.792470026537847,0,0,0,0,0,0
20,21,1,1,1,5.961814149929782,1,0,0,0,0,0
20,22,1,1,1,7.925043442528202,2,0,0,0,0,0
20,23,1,1,1,8.915993834932973,3,0,0,0,0,0
21,0,1,0,0,-0.6566811469688381,-20,0,0,0,0,0
21,1,1,0,0,0.4802485385574662,-19,0,0,0,0,0
21,2,1,0,0,2.9498199757514785,-18,0,0,0,0,0
21,3,1,0,0,-2.4384194414654625,-17,0,0,0,0,0
21,4,1,0,0,-3.7819627308077757,-16,0,0,0,0,0
21,5,1,0,0,-1.6167390669405952,-15,0,0,0,0,0
21,6,1,0,0,-2.2168650247493633,-14,0,0,0,0,0
21,7,1,0,0,-1.7752815967002293,-13,0,0,0,0,0
21,8,1,0,0,1.7993717737469845,-12,0,0,0,0,0
21,9,1,0,0,0.04840512985567824,-11,0,0,0,0,0
21,10,1,0,0,-2.301848155405812,-10,0,0,0,0,0
21,11,1,0,0,-2.084967685196737,-9,0,0,0,0,0
21,12,1,0,0,2.6696037219357898,-8,0,0,0,0,0
21,13,1,0,0,-0.3190713681577078,-7,0,0,0,0,0
21,14,1,0,0,1.3441345052104994,-6,0,0,0,0,0
21,15,1,0,0,1.037568050653931,-5,1,0,0,0,0
21,16,1,0,0,-0.16323492619455893,-4,0,1,0,0,0
21,17,1,0,0,-2.564707293997256,-3,0,0,1,0,0
21,18,1,0,0,-2.4065671516507394,-2,0,0,0,1,0
21,19,1,0,0,1.3230886421892618,-1,0,0,0,0,1
21,20,1,1,1,2.6755195134469796,0,0,0,0,0,0
21,21,1,1,1,-0.4835168813198212,1,0,0,0,0,0
21,22,1,1,1,6.509979062510796,2,0,0,0,0,0
21,23,1,1,1,2.671768176493398,3,0,0,0,0,0
22,0,0,0,0,-1.0869606388560984,0,0,0,0,0,0
22,1,0,0,0,-0.8540344239401181,0,0,0,0,0,0
22,2,0,0,0,3.488438967926282,0,0,0,0,0,0
22,3,0,0,0,4.697857845806924,0,0,0,0,0,0
22,4,0,0,0,-2.5375666960000056,0,0,0,0,0,0
22,5,0,0,0,-0.031377686618467626,0,0,0,0,0,0
22,6,0,0,0,-0.7676812336061777,0,0,0,0,0,0
22,7,0,0,0,0.4552353142597365,0,0,0,0,0,0
22,8,0,0,0,0.5517362896260108,0,0,0,0,0,0
22,9,0,0,0,3.542953392601076,0,0,0,0,0,0
22,10,0,0,0,-1.415961208671027,0,0,0,0,0,0
22,11,0,0,0,-1.8206697895510857,0,0,0,0,0,0
22,12,0,0,0,0.5263698825823464,0,0,0,0,0,0
22,13,0,0,0,2.7702997967344727,0,0,0,0,0,0
22,14,0,0,0,0.9259635427449033,0,0,0,0,0,0
22,15,0,0,0,-3.0099113880727137,0,0,0,0,0,0
22,16,0,0,0,-0.5598360866015911,0,0,0,0,0,0
22,17,0,0,0,-3.6982138455686178,0,0,0,0,0,0
22,18,0,0,0,-2.413383634191865,0,0,0,0,0,0
22,19,0,0,0,1.8176560769053114,0,0,0,0,0,0
22,20,0,1,0,0.9363471034025004,0,0,0,0,0,0
22,21,0,1,0,1.2652230360694015,0,0,0,0,0,0
22,22,0,1,0,1.9738295698011434,0,0,0,0,0,0
22,23,0,1,0,2.5465464676670644,0,0,0,0,0,0
23,0,1,0,0,-8.481290835873928,-20,0,0,0,0,0
23,1,1,0,0,-6.721310356378032,-19,0,0,0,0,0
23,2,1,0,0,-1.384996143230355,-18,0,0,0,0,0
23,3,1,0,0,-4.7856738357413455,-17,0,0,0,0,0
23,4,1,0,0,-8.047128356440384,-16,0,0,0,0,0
23,5,1,0,0,-3.625027943515019,-15,0,0,0,0,0
23,6,1,0,0,-4.8070251480429524,-14,0,0,0,0,0
23,7,1,0,0,-6.644437878352848,-13,0,0,0,0,0
23,8,1,0,0,-2.826962135749919,-12,0,0,0,0,0
23,9,1,0,0,-3.386061071500189,-11,0,0,0,0,0
23,10,1,0,0,-1.4002636172878107,-10,0,0,0,0,0
23,11,1,0,0,-6.124945634310183,-9,0,0,0,0,0
23,12,1,0,0,-4.660114374949522,-8,0,0,0,0,0
23,13,1,0,0,0.2431725637022577,-7,0,0,0,0,0
23,14,1,0,0,-3.9838109862956848,-6,0,0,0,0,0
23,15,1,0,0,-3.149719630770519,-5,1,0,0,0,0
23,16,1,0,0,-8.634589547542063,-4,0,1,0,0,0
23,17,1,0,0,-9.604479489030842,-3,0,0,1,0,0
23,18,1,0,0,-8.527617923333068,-2,0,0,0,1,0
23,19,1,0,0,-4.41548546176438,-1,0,0,0,0,1
23,20,1,1,1,1.0937881957095494,0,0,0,0,0,0
23,21,1,1,1,-1.6335014055483368,1,0,0,0,0,0
23,22,1,1,1,-0.29941066541486927,2,0,0,0,0,0
23,23,1,1,1,-1.4257894586887951,3,0,0,0,0,0
24,0,1,0,0,-2.281189448967474,-20,0,0,0,0,0
24,1,1,0,0,-1.3045898990640103,-19,0,0,0,0,0
24,2,1,0,0,-1.508712245302355,-18,0,0,0,0,0
24,3,1,0,0,-1.4887480512881308,-17,0,0,0,0,0
24,4,1,0,0,-5.263613218670531,-16,0,0,0,0,0
24,5,1,0,0,-0.25700623994527816,-15,0,0,0,0,0
24,6,1,0,0,-3.5623134478183873,-14,0,0,0,0,0
24,7,1,0,0,-3.1208239375779705,-13,0,0,0,0,0
24,8,1,0,0,-0.3648201441030755,-12,0,0,0,0,0
24,9,1,0,0,-0.6278542837729408,-11,0,0,0,0,0
24,10,1,0,0,-0.8630606602649797,-10,0,0,0,0,0
24,11,1,0,0,-3.163464553564823,-9,0,0,0,0,0
24,12,1,0,0,-2.4470906442587896,-8,0,0,0,0,0
24,13,1,0,0,-0.21990503163747177,-7,0,0,0,0,0
24,14,1,0,0,-1.2619460002983238,-6,0,0,0,0,0
24,15,1,0,0,-3.1175189410843087,-5,1,0,0,0,0
24,16,1,0,0,-2.34829020423357,-4,0,1,0,0,0
24,17,1,0,0,-2.625022259402196,-3,0,0,1,0,0
24,18,1,0,0,-5.4361820835887436,-2,0,0,0,1,0
24,19,1,0,0,0.3438814789454775,-1,0,0,0,0,1
24,20,1,1,1,3.808465144872928,0,0,0,0,0,0
24,21,1,1,1,3.0424274472837443,1,0,0,0,0,0
24,22,1,1,1,1.213283575749109,2,0,0,0,0,0
24,23,1,1,1,0.4542738993434796,3,0,0,0,0,0
25,0,0,0,0,-2.5129541709948002,0,0,0,0,0,0
25,1,0,0,0,-3.0931785308925765,0,0,0,0,0,0
25,2,0,0,0,5.094042622961508,0,0,0,0,0,0
25,3,0,0,0,-0.8422474981571626,0,0,0,0,0,0
25,4,0,0,0,-4.417770655178138,0,0,0,0,0,0
25,5,0,0,0,2.954585470342428,0,0,0,0,0,0
25,6,0,0,0,-3.067057362110358,0,0,0,0,0,0
25,7,0,0,0,0.11345112244875288,0,0,0,0,0,0
25,8,0,0,0,-0.5634161712013321,0,0,0,0,0,0
25,9,0,0,0,4.264808918915881,0,0,0,0,0,0
25,10,0,0,0,-1.0594885231992923,0,0,0,0,0,0
25,11,0,0,0,-3.9758714016916725,0,0,0,0,0,0
25,12,0,0,0,-1.103040335011194,0,0,0,0,0,0
25,13,0,0,0,2.4530286671958295,0,0,0,0,0,0
25,14,0,0,0,2.2374206474194565,0,0,0,0,0,0
25,15,0,0,0,-1.129153315890838,0,0,0,0,0,0
25,16,0,0,0,1.9805161269990397,0,0,0,0,0,0
25,17,0,0,0,1.3529571287671516,0,0,0,0,0,0
25,18,0,0,0,-1.051259552411085,0,0,0,0,0,0
25,19,0,0,0,1.0235376592660692,0,0,0,0,0,0
25,20,0,1,0,2.4180332752573364,0,0,0,0,0,0
25,21,0,1,0,-1.7439235436670566,0,0,0,0,0,0
25,22,0,1,0,2.491059698294725,0,0,0,0,0,0
25,23,0,1,0,-1.3883496597396243,0,0,0,0,0,0
26,0,0,0,0,-4.064873666092075,0,0,0,0,0,0
26,1,0,0,0,-1.3658972057265535,0,0,0,0,0,0
26,2,0,0,0,-0.26234891013950223,0,0,0,0,0,0
26,3,0,0,0,-3.4694657334223877,0,0,0,0,0,0
26,4,0,0,0,-6.188654924044691,0,0,0,0,0,0
26,5,0,0,0,-0.37401262572850325,0,0,0,0,0,0
26,6,0,0,0,-1.8674033402078334,0,0,0,0,0,0
26,7,0,0,0,-6.312461570223881,0,0,0,0,0,0
26,8,0,0,0,-1.464183570211688,0,0,0,0,0,0
26,9,0,0,0,-1.6281339223803046,0,0,0,0,0,0
26,10,0,0,0,-0.3805306221639815,0,0,0,0,0,0
26,11,0,0,0,-4.55599484798703,0,0,0,0,0,0
26,12,0,0,0,-7.625987598196009,0,0,0,0,0,0
26,13,0,0,0,-3.3124734989050393,0,0,0,0,0,0
26,14,0,0,0,-1.2040529336777526,0,0,0,0,0,0
26,15,0,0,0,-6.562876658695757,0,0,0,0,0,0
26,16,0,0,0,-2.9527656707955643,0,0,0,0,0,0
26,17,0,0,0,-7.951673542869511,0,0,0,0,0,0
26,18,0,0,0,-7.0430525515538305,0,0,0,0,0,0
26,19,0,0,0,0.18403879207168927,0,0,0,0,0,0
26,20,0,1,0,-2.0661673584216658,0,0,0,0,0,0
26,21,0,1,0,-2.736050536625063,0,0,0,0,0,0
26,22,0,1,0,-4.076275513345891,0,0,0,0,0,0
26,23,0,1,0,0.39226330297607204,0,0,0,0,0,0
27,0,1,0,0,-0.7694248194832876,-20,0,0,0,0,0
27,1,1,0,0,0.34879772353901956,-19,0,0,0,0,0
27,2,1,0,0,3.509893702298295,-18,0,0,0,0,0
27,3,1,0,0,2.7256809306709764,-17,0,0,0,0,0
27,4,1,0,0,-4.677756230167717,-16,0,0,0,0,0
27,5,1,0,0,1.767257287571611,-15,0,0,0,0,0
27,6,1,0,0,-0.6312237444676522,-14,0,0,0,0,0
27,7,1,0,0,-2.761085784692307,-13,0,0,0,0,0
27,8,1,0,0,3.831129932911817,-12,0,0,0,0,0
27,9,1,0,0,2.660833624629532,-11,0,0,0,0,0
27,10,1,0,0,3.3534349316881924,-10,0,0,0,0,0
27,11,1,0,0,-0.2815728633161726,-9,0,0,0,0,0
27,12,1,0,0,0.006390894770416766,-8,0,0,0,0,0
27,13,1,0,0,4.752161948290316,-7,0,0,0,0,0
27,14,1,0,0,3.00728733033822,-6,0,0,0,0,0
27,15,1,0,0,-2.168182897168566,-5,1,0,0,0,0
27,16,1,0,0,0.15520406143440468,-4,0,1,0,0,0
27,17,1,0,0,-0.3359694628068751,-3,0,0,1,0,0
27,18,1,0,0,-0.46642652906849924,-2,0,0,0,1,0
27,19,1,0,0,1.1204742969327692,-1,0,0,0,0,1
27,20,1,1,1,7.583797873195816,0,0,0,0,0,0
27,21,1,1,1,0.688773418569788,1,0,0,0,0,0
27,22,1,1,1,7.200362654745692,2,0,0,0,0,0
27,23,1,1,1,2.221344271426176,3,0,0,0,0,0
28,0,1,0,0,-3.5809723150588466,-20,0,0,0,0,0
28,1,1,0,0,-1.1263405946359404,-19,0,0,0,0,0
28,2,1,0,0,0.4917368860120207,-18,0,0,0,0,0
28,3,1,0,0,0.11036828595086279,-17,0,0,0,0,0
28,4,1,0,0,-4.400003440916985,-16,0,0,0,0,0
28,5,1,0,0,0.7756547891400767,-15,0,0,0,0,0
28,6,1,0,0,-0.9787658542184807,-14,0,0,0,0,0
28,7,1,0,0,-3.836376533172995,-13,0,0,0,0,0
28,8,1,0,0,0.3708489586155186,-12,0,0,0,0,0
28,9,1,0,0,-2.0297448173111325,-11,0,0,0,0,0
28,10,1,0,0,-0.02621319253069515,-10,0,0,0,0,0
28,11,1,0,0,-2.2526240142438825,-9,0,0,0,0,0
28,12,1,0,0,-2.219569340089844,-8,0,0,0,0,0
28,13,1,0,0,-0.4694296096736583,-7,0,0,0,0,0
28,14,1,0,0,-0.17073437946038372,-6,0,0,0,0,0
28,15,1,0,0,-1.066660389144281,-5,1,0,0,0,0
28,16,1,0,0,-2.293857683647538,-4,0,1,0,0,0
28,17,1,0,0,-4.712761291374552,-3,0,0,1,0,0
28,18,1,0,0,-2.8645531990641753,-2,0,0,0,1,0
28,19,1,0,0,-2.2846043085147087,-1,0,0,0,0,1
28,20,1,1,1,4.0121140026612485,0,0,0,0,0,0
28,21,1,1,1,-1.1596636242577905,1,0,0,0,0,0
28,22,1,1,1,4.472039969884881,2,0,0,0,0,0
28,23,1,1,1,0.8798151004686603,3,0,0,0,0,0
29,0,0,0,0,-2.112292584939715,0,0,0,0,0,0
29,1,0,0,0,-1.1775031963332214,0,0,0,0,0,0
29,2,0,0,0,-1.655363691413235,0,0,0,0,0,0
29,3,0,0,0,-1.1637219325781927,0,0,0,0,0,0
29,4,0,0,0,-2.835842696175468,0,0,0,0,0,0
29,5,0,0,0,1.0747342256660923,0,0,0,0,0,0
29,6,0,0,0,-1.220697502119639,0,0,0,0,0,0
29,7,0,0,0,-4.2531206071300325,0,0,0,0,0,0
29,8,0,0,0,1.226526519589774,0,0,0,0,0,0
29,9,0,0,0,2.25701718092024,0,0,0,0,0,0
29,10,0,0,0,1.0580048085381843,0,0,0,0,0,0
29,11,0,0,0,-0.7187598699379218,0,0,0,0,0,0
29,12,0,0,0,-2.5186536862774442,0,0,0,0,0,0
29,13,0,0,0,-0.9773407528226647,0,0,0,0,0,0
29,14,0,0,0,-2.6509083637638335,0,0,0,0,0,0
29,15,0,0,0,-0.4536884598489148,0,0,0,0,0,0
29,16,0,0,0,-0.7756062575022633,0,0,0,0,0,0
29,17,0,0,0,-5.610481685091731,0,0,0,0,0,0
29,18,0,0,0,-5.9053929975323936,0,0,0,0,0,0
29,19,0,0,0,-0.5589755456479504,0,0,0,0,0,0
29,20,0,1,0,3.0278857207323457,0,0,0,0,0,0
29,21,0,1,0,-1.4696422246734409,0,0,0,0,0,0
29,22,0,1,0,-0.07519582858626928,0,0,0,0,0,0
29,23,0,1,0,-1.660983038909806,0,0,0,0,0,0
30,0,1,0,0,-4.821176190219888,-20,0,0,0,0,0
30,1,1,0,0,-5.626914830269106,-19,0,0,0,0,0
30,2,1,0,0,-1.5019691317199209,-18,0,0,0,0,0
30,3,1,0,0,-2.723750377067019,-17,0,0,0,0,0
30,4,1,0,0,-4.30726529272794,-16,0,0,0,0,0
30,5,1,0,0,-1.4055364776185233,-15,0,0,0,0,0
30,6,1,0,0,-3.813661662047015,-14,0,0,0,0,0
30,7,1,0,0,0.30562029580917205,-13,0,0,0,0,0
30,8,1,0,0,-1.5776126293264534,-12,0,0,0,0,0
30,9,1,0,0,2.007533579879165,-11,0,0,0,0,0
30,10,1,0,0,2.4891032382257796,-10,0,0,0,0,0
30,11,1,0,0,-5.838495389619482,-9,0,0,0,0,0
30,12,1,0,0,-2.312600142280268,-8,0,0,0,0,0
30,13,1,0,0,-1.918893450243399,-7,0,0,0,0,0
30,14,1,0,0,-0.7524161772824758,-6,0,0,0,0,0
30,15,1,0,0,-1.9304030871684084,-5,1,0,0,0,0
30,16,1,0,0,-3.1107435346507506,-4,0,1,0,0,0
30,17,1,0,0,-4.761743354189953,-3,0,0,1,0,0
30,18,1,0,0,-4.449705428287472,-2,0,0,0,1,0
30,19,1,0,0,-0.7401670944646487,-1,0,0,0,0,1
30,20,1,1,1,1.4970049099352676,0,0,0,0,0,0
30,21,1,1,1,1.5947196774223529,1,0,0,0,0,0
30,22,1,1,1,4.124742366857259,2,0,0,0,0,0
30,23,1,1,1,1.7835800977099039,3,0,0,0,0,0
31,0,0,0,0,3.552317160203997,0,0,0,0,0,0
31,1,0,0,0,3.5777409071125668,0,0,0,0,0,0
31,2,0,0,0,6.615648911574975,0,0,0,0,0,0
31,3,0,0,0,9.780135680212798,0,0,0,0,0,0
31,4,0,0,0,3.4375116951513114,0,0,0,0,0,0
31,5,0,0,0,4.944837374441396,0,0,0,0,0,0
31,6,0,0,0,5.033716733849891,0,0,0,0,0,0
31,7,0,0,0,3.6591880152658525,0,0,0,0,0,0
31,8,0,0,0,7.655887695442985,0,0,0,0,0,0
31,9,0,0,0,8.434082252702728,0,0,0,0,0,0
31,10,0,0,0,9.044809272617416,0,0,0,0,0,0
31,11,0,0,0,2.6025648190882427,0,0,0,0,0,0
31,12,0,0,0,5.095512749781579,0,0,0,0,0,0
31,13,0,0,0,3.5965409388976513,0,0,0,0,0,0
31,14,0,0,0,5.621914357128265,0,0,0,0,0,0
31,15,0,0,0,5.924637332675002,0,0,0,0,0,0
31,16,0,0,0,3.7594909130911884,0,0,0,0,0,0
31,17,0,0,0,2.0828014084429745,0,0,0,0,0,0
31,18,0,0,0,3.1520041935403973,0,0,0,0,0,0
31,19,0,0,0,8.224027744585019,0,0,0,0,0,0
31,20,0,1,0,6.678074416917315,0,0,0,0,0,0
31,21,0,1,0,0.19160106722601977,0,0,0,0,0,0
31,22,0,1,0,6.258565486095594,0,0,0,0,0,0
31,23,0,1,0,8.088548720551337,0,0,0,0,0,0
32,0,0,0,0,-0.9654775144779084,0,0,0,0,0,0
32,1,0,0,0,1.0240429895474432,0,0,0,0,0,0
32,2,0,0,0,0.3760285650249857,0,0,0,0,0,0
32,3,0,0,0,-1.8123494965729636,0,0,0,0,0,0
32,4,0,0,0,-2.872749155967959,0,0,0,0,0,0
32,5,0,0,0,0.9677103711033576,0,0,0,0,0,0
32,6,0,0,0,-0.3523247544805471,0,0,0,0,0,0
32,7,0,0,0,0.005159289150132862,0,0,0,0,0,0
32,8,0,0,0,1.8153882893363238,0,0,0,0,0,0
32,9,0,0,0,2.629933760488668,0,0,0,0,0,0
32,10,0,0,0,2.8945790847203066,0,0,0,0,0,0
32,11,0,0,0,-0.9653017723785378,0,0,0,0,0,0
32,12,0,0,0,0.6272524716598779,0,0,0,0,0,0
32,13,0,0,0,2.1348164257611986,0,0,0,0,0,0
32,14,0,0,0,4.208131781892289,0,0,0,0,0,0
32,15,0,0,0,-1.9726271372599007,0,0,0,0,0,0
32,16,0,0,0,0.309033533574685,0,0,0,0,0,0
32,17,0,0,0,-2.8086466751218033,0,0,0,0,0,0
32,18,0,0,0,-3.6832434032940435,0,0,0,0,0,0
32,19,0,0,0,0.550249488954045,0,0,0,0,0,0
32,20,0,1,0,3.414421659270132,0,0,0,0,0,0
32,21,0,1,0,0.4428669148045311,0,0,0,0,0,0
32,22,0,1,0,2.567192165427902,0,0,0,0,0,0
32,23,0,1,0,0.34420990452746686,0,0,0,0,0,0
33,0,0,0,0,-4.607699076889502,0,0,0,0,0,0
33,1,0,0,0,-2.8677812849732014,0,0,0,0,0,0
33,2,0,0,0,-3.292977923903829,0,0,0,0,0,0
33,3,0,0,0,-2.448933060087902,0,0,0,0,0,0
33,4,0,0,0,-6.564278875402985,0,0,0,0,0,0
33,5,0,0,0,-1.395008444461637,0,0,0,0,0,0
33,6,0,0,0,-5.968669965614572,0,0,0,0,0,0
33,7,0,0,0,-2.284276169203501,0,0,0,0,0,0
33,8,0,0,0,-1.6293345725432,0,0,0,0,0,0
33,9,0,0,0,-0.7112629218333946,0,0,0,0,0,0
33,10,0,0,0,-1.9126421846336437,0,0,0,0,0,0
33,11,0,0,0,-4.044534301117713,0,0,0,0,0,0
33,12,0,0,0,-3.719626463145472,0,0,0,0,0,0
33,13,0,0,0,-0.6971330079008742,0,0,0,0,0,0
33,14,0,0,0,-3.3842839047184055,0,0,0,0,0,0
33,15,0,0,0,-3.868162517722519,0,0,0,0,0,0
33,16,0,0,0,-2.931682217629196,0,0,0,0,0,0
33,17,0,0,0,-5.665361326424395,0,0,0,0,0,0
33,18,0,0,0,-6.172544769989612,0,0,0,0,0,0
33,19,0,0,0,-2.092517060532366,0,0,0,0,0,0
33,20,0,1,0,-0.1986938256743132,0,0,0,0,0,0
33,21,0,1,0,-6.032091381499428,0,0,0,0,0,0
33,22,0,1,0,0.2814554505111917,0,0,0,0,0,0
33,23,0,1,0,-3.1700585383162085,0,0,0,0,0,0
34,0,0,0,0,1.2196503655703237,0,0,0,0,0,0
34,1,0,0,0,2.097010594572093,0,0,0,0,0,0
34,2,0,0,0,3.7931711077779635,0,0,0,0,0,0
34,3,0,0,0,2.958313704947996,0,0,0,0,0,0
34,4,0,0,0,-4.111305935354157,0,0,0,0,0,0
34,5,0,0,0,4.213988086098765,0,0,0,0,0,0
34,6,0,0,0,3.317573675960181,0,0,0,0,0,0
34,7,0,0,0,-1.4376995922104807,0,0,0,0,0,0
34,8,0,0,0,3.0812479989469104,0,0,0,0,0,0
34,9,0,0,0,2.6848297139402466,0,0,0,0,0,0
34,10,0,0,0,4.063584492310855,0,0,0,0,0,0
34,11,0,0,0,1.7621541919457315,0,0,0,0,0,0
34,12,0,0,0,3.330173333492075,0,0,0,0,0,0
34,13,0,0,0,4.812941383256968,0,0,0,0,0,0
34,14,0,0,0,6.384540727592604,0,0,0,0,0,0
34,15,0,0,0,1.1756670929356388,0,0,0,0,0,0
34,16,0,0,0,0.37587883988177406,0,0,0,0,0,0
34,17,0,0,0,0.08307933783555738,0,0,0,0,0,0
34,18,0,0,0,1.0251227416035893,0,0,0,0,0,0
34,19,0,0,0,2.2517967097166762,0,0,0,0,0,0
34,20,0,1,0,7.670320223623576,0,0,0,0,0,0
34,21,0,1,0,3.670447301289412,0,0,0,0,0,0
34,22,0,1,0,4.164849779446622,0,0,0,0,0,0
34,23,0,1,0,2.124598890787974,0,0,0,0,0,0
35,0,1,0,0,-6.105900988371449,-20,0,0,0,0,0
35,1,1,0,0,-4.472499171132409,-19,0,0,0,0,0
35,2,1,0,0,-1.8923904015707635,-18,0,0,0,0,0
35,3,1,0,0,-1.5495402378522067,-17,0,0,0,0,0
35,4,1,0,0,-7.703075003092478,-16,0,0,0,0,0
35,5,1,0,0,-2.25611029520624,-15,0,0,0,0,0
35,6,1,0,0,-4.476082837008005,-14,0,0,0,0,0
35,7,1,0,0,-4.611870914429378,-13,0,0,0,0,0
35,8,1,0,0,-2.784263025625905,-12,0,0,0,0,0
35,9,1,0,0,-0.538958593046734,-11,0,0,0,0,0
35,10,1,0,0,-0.716160591245554,-10,0,0,0,0,0
35,11,1,0,0,-4.651072457625127,-9,0,0,0,0,0
35,12,1,0,0,-3.3696842108912395,-8,0,0,0,0,0
35,13,1,0,0,-4.4165572534205175,-7,0,0,0,0,0
35,14,1,0,0,-1.2265720513048792,-6,0,0,0,0,0
35,15,1,0,0,-2.7470767743723465,-5,1,0,0,0,0
35,16,1,0,0,-3.296742052711455,-4,0,1,0,0,0
35,17,1,0,0,-7.4212771521274075,-3,0,0,1,0,0
35,18,1,0,0,-6.129593962548036,-2,0,0,0,1,0
35,19,1,0,0,-1.4750123976151075,-1,0,0,0,0,1
35,20,1,1,1,0.26384983188111555,0,0,0,0,0,0
35,21,1,1,1,-3.4939579881587637,1,0,0,0,0,0
35,22,1,1,1,0.2203880432161912,2,0,0,0,0,0
35,23,1,1,1,-1.7005075117693522,3,0,0,0,0,0
36,0,0,0,0,-0.8345311788601043,0,0,0,0,0,0
36,1,0,0,0,-2.6817937281497413,0,0,0,0,0,0
36,2,0,0,0,3.5878868312563315,0,0,0,0,0,0
36,3,0,0,0,0.3619198112111539,0,0,0,0,0,0
36,4,0,0,0,-1.4058611706891677,0,0,0,0,0,0
36,5,0,0,0,0.859410464109289,0,0,0,0,0,0
36,6,0,0,0,-0.18165734539509756,0,0,0,0,0,0
36,7,0,0,0,-0.9868055336430279,0,0,0,0,0,0
36,8,0,0,0,0.8177038275455932,0,0,0,0,0,0
36,9,0,0,0,6.397009023415158,0,0,0,0,0,0
36,10,0,0,0,1.7453517562357364,0,0,0,0,0,0
36,11,0,0,0,0.48343802226747945,0,0,0,0,0,0
36,12,0,0,0,-1.6322773857832553,0,0,0,0,0,0
36,13,0,0,0,1.8473147344611356,0,0,0,0,0,0
36,14,0,0,0,3.2959892851567383,0,0,0,0,0,0
36,15,0,0,0,-0.3680231563235081,0,0,0,0,0,0
36,16,0,0,0,-0.6012342477727279,0,0,0,0,0,0
36,17,0,0,0,-1.981062016918736,0,0,0,0,0,0
36,18,0,0,0,-2.3707567161067558,0,0,0,0,0,0
36,19,0,0,0,5.854681852555847,0,0,0,0,0,0
36,20,0,1,0,3.305166207988683,0,0,0,0,0,0
36,21,0,1,0,1.2699037098495243,0,0,0,0,0,0
36,22,0,1,0,5.306094216436366,0,0,0,0,0,0
36,23,0,1,0,0.03538483314826246,0,0,0,0,0,0
37,0,0,0,0,-7.262208438676837,0,0,0,0,0,0
37,1,0,0,0,-7.204067111080985,0,0,0,0,0,0
37,2,0,0,0,-3.893973587426541,0,0,0,0,0,0
37,3,0,0,0,-5.460291743178632,0,0,0,0,0,0
37,4,0,0,0,-10.502906310810118,0,0,0,0,0,0
37,5,0,0,0,-4.9377270053547875,0,0,0,0,0,0
37,6,0,0,0,-8.243124098596113,0,0,0,0,0,0
37,7,0,0,0,-5.749530266287716,0,0,0,0,0,0
37,8,0,0,0,-3.7206930839756853,0,0,0,0,0,0
37,9,0,0,0,-4.557205551193448,0,0,0,0,0,0
37,10,0,0,0,-4.683925115467718,0,0,0,0,0,0
37,11,0,0,0,-7.144179574562224,0,0,0,0,0,0
37,12,0,0,0,-7.6952530967510295,0,0,0,0,0,0
37,13,0,0,0,-2.4985133226298917,0,0,0,0,0,0
37,14,0,0,0,-3.391031524356955,0,0,0,0,0,0
37,15,0,0,0,-6.24746412025439,0,0,0,0,0,0
37,16,0,0,0,-5.228160704431032,0,0,0,0,0,0
37,17,0,0,0,-8.96087523075649,0,0,0,0,0,0
37,18,0,0,0,-6.637908647123507,0,0,0,0,0,0
37,19,0,0,0,-4.082158677527734,0,0,0,0,0,0
37,20,0,1,0,-1.741312107999433,0,0,0,0,0,0
37,21,0,1,0,-6.31996030465249,0,0,0,0,0,0
37,22,0,1,0,-1.8960272357584995,0,0,0,0,0,0
37,23,0,1,0,-4.553722881006873,0,0,0,0,0,0
38,0,0,0,0,-2.150486027219078,0,0,0,0,0,0
38,1,0,0,0,-5.460118113848211,0,0,0,0,0,0
38,2,0,0,0,-1.5634896001213416,0,0,0,0,0,0
38,3,0,0,0,-4.844685937863606,0,0,0,0,0,0
38,4,0,0,0,-8.30458581374009,0,0,0,0,0,0
38,5,0,0,0,-2.4083603861338427,0,0,0,0,0,0
38,6,0,0,0,-3.060736051218673,0,0,0,0,0,0
38,7,0,0,0,-0.8908866197261247,0,0,0,0,0,0
38,8,0,0,0,-2.906148928948387,0,0,0,0,0,0
38,9,0,0,0,-3.3223792131717858,0,0,0,0,0,0
38,10,0,0,0,-0.9920092678970323,0,0,0,0,0,0
38,11,0,0,0,-7.354734023892528,0,0,0,0,0,0
38,12,0,0,0,-3.756566816357616,0,0,0,0,0,0
38,13,0,0,0,-4.075414858179349,0,0,0,0,0,0
38,14,0,0,0,-1.7160754368799829,0,0,0,0,0,0
38,15,0,0,0,-3.3063374691388705,0,0,0,0,0,0
38,16,0,0,0,-4.521976243643969,0,0,0,0,0,0
38,17,0,0,0,-4.797909468214415,0,0,0,0,0,0
38,18,0,0,0,-5.067233571927909,0,0,0,0,0,0
38,19,0,0,0,-5.1560037943705375,0,0,0,0,0,0
38,20,0,1,0,-2.624479208607004,0,0,0,0,0,0
38,21,0,1,0,-6.471288681949167,0,0,0,0,0,0
38,22,0,1,0,1.0251133028839599,0,0,0,0,0,0
38,23,0,1,0,-3.4193739847560125,0,0,0,0,0,0
39,0,0,0,0,1.8221391102679172,0,0,0,0,0,0
39,1,0,0,0,-2.780122255125179,0,0,0,0,0,0
39,2,0,0,0,1.8456755232224134,0,0,0,0,0,0
39,3,0,0,0,2.478567649393252,0,0,0,0,0,0
39,4,0,0,0,-2.666584696478071,0,0,0,0,0,0
39,5,0,0,0,2.0380414856171485,0,0,0,0,0,0
39,6,0,0,0,-2.060293203915148,0,0,0,0,0,0
39,7,0,0,0,1.3019449463138473,0,0,0,0,0,0
39,8,0,0,0,2.97946042892504,0,0,0,0,0,0
39,9,0,0,0,3.2550210108364825,0,0,0,0,0,0
39,10,0,0,0,1.424728524217056,0,0,0,0,0,0
39,11,0,0,0,-0.6021511474289887,0,0,0,0,0,0
39,12,0,0,0,-0.465076012585294,0,0,0,0,0,0
39,13,0,0,0,-1.222626244642144,0,0,0,0,0,0
39,14,0,0,0,2.4660396842698575,0,0,0,0,0,0
39,15,0,0,0,-0.6028603654169982,0,0,0,0,0,0
39,16,0,0,0,1.8128680190924162,0,0,0,0,0,0
39,17,0,0,0,-4.97372590387599,0,0,0,0,0,0
39,18,0,0,0,-1.4490297972719195,0,0,0,0,0,0
39,19,0,0,0,0.4822832802371906,0,0,0,0,0,0
39,20,0,1,0,3.7818987780423363,0,0,0,0,0,0
39,21,0,1,0,1.0079835478126618,0,0,0,0,0,0
39,22,0,1,0,2.4673823376961312,0,0,0,0,0,0
39,23,0,1,0,2.524795444919265,0,0,0,0,0,0
40,0,1,0,0,-1.0929377654527348,-20,0,0,0,0,0
40,1,1,0,0,2.955702873489207,-19,0,0,0,0,0
40,2,1,0,0,3.2675258931328504,-18,0,0,0,0,0
40,3,1,0,0,0.5687883433883107,-17,0,0,0,0,0
40,4,1,0,0,-1.7192745264889502,-16,0,0,0,0,0
40,5,1,0,0,-0.2791686052441573,-15,0,0,0,0,0
40,6,1,0,0,1.826496017522901,-14,0,0,0,0,0
40,7,1,0,0,0.4726800755039753,-13,0,0,0,0,0
40,8,1,0,0,5.289282699732021,-12,0,0,0,0,0
40,9,1,0,0,5.250785100738627,-11,0,0,0,0,0
40,10,1,0,0,1.9899654724366123,-10,0,0,0,0,0
40,11,1,0,0,-0.720616543135874,-9,0,0,0,0,0
40,12,1,0,0,2.3779716190851152,-8,0,0,0,0,0
40,13,1,0,0,4.148545117770911,-7,0,0,0,0,0
40,14,1,0,0,6.00024136656127,-6,0,0,0,0,0
40,15,1,0,0,3.0788151922536735,-5,1,0,0,0,0
40,16,1,0,0,1.7097978712867383,-4,0,1,0,0,0
40,17,1,0,0,0.546713225350928,-3,0,0,1,0,0
40,18,1,0,0,1.7710942477405842,-2,0,0,0,1,0
40,19,1,0,0,3.3854886918707043,-1,0,0,0,0,1
40,20,1,1,1,7.847469077538062,0,0,0,0,0,0
40,21,1,1,1,3.9310583273060864,1,0,0,0,0,0
40,22,1,1,1,5.746043364072138,2,0,0,0,0,0
40,23,1,1,1,5.361249467510205,3,0,0,0,0,0
41,0,1,0,0,-1.956898750228893,-20,0,0,0,0,0
41,1,1,0,0,-0.6035466575042874,-19,0,0,0,0,0
41,2,1,0,0,1.0759169992095439,-18,0,0,0,0,0
41,3,1,0,0,0.916349841933265,-17,0,0,0,0,0
41,4,1,0,0,-2.339390026731764,-16,0,0,0,0,0
41,5,1,0,0,0.2791274780493077,-15,0,0,0,0,0
41,6,1,0,0,-0.24212208846635258,-14,0,0,0,0,0
41,7,1,0,0,-0.6307252666101095,-13,0,0,0,0,0
41,8,1,0,0,2.4162597589836494,-12,0,0,0,0,0
41,9,1,0,0,2.3757341266039895,-11,0,0,0,0,0
41,10,1,0,0,4.0054645946040175,-10,0,0,0,0,0
41,11,1,0,0,-4.315708495053242,-9,0,0,0,0,0
41,12,1,0,0,4.302309362619142,-8,0,0,0,0,0
41,13,1,0,0,-0.1300689396792356,-7,0,0,0,0,0
41,14,1,0,0,3.0702801328457463,-6,0,0,0,0,0
41,15,1,0,0,-1.8519454974294414,-5,1,0,0,0,0
41,16,1,0,0,1.10918912950623,-4,0,1,0,0,0
41,17,1,0,0,-1.2837113755497533,-3,0,0,1,0,0
41,18,1,0,0,-2.8543787106090646,-2,0,0,0,1,0
41,19,1,0,0,3.7487875064737772,-1,0,0,0,0,1
41,20,1,1,1,5.330643581308675,0,0,0,0,0,0
41,21,1,1,1,3.54090850749475,1,0,0,0,0,0
41,22,1,1,1,3.4954309315599055,2,0,0,0,0,0
41,23,1,1,1,3.5410454403078098,3,0,0,0,0,0
42,0,0,0,0,1.2184776368190178,0,0,0,0,0,0
42,1,0,0,0,0.17622590458689835,0,0,0,0,0,0
42,2,0,0,0,2.2287307384496877,0,0,0,0,0,0
42,3,0,0,0,-0.33308950944249255,0,0,0,0,0,0
42,4,0,0,0,-3.7717773540776762,0,0,0,0,0,0
42,5,0,0,0,0.5975720768834416,0,0,0,0,0,0
42,6,0,0,0,-0.44326675561773654,0,0,0,0,0,0
42,7,0,0,0,-3.315779610043138,0,0,0,0,0,0
42,8,0,0,0,1.8790196719305619,0,0,0,0,0,0
42,9,0,0,0,0.08066455038520126,0,0,0,0,0,0
42,10,0,0,0,3.9623041694904835,0,0,0,0,0,0
42,11,0,0,0,-3.182822377235316,0,0,0,0,0,0
42,12,0,0,0,-0.5204271193528873,0,0,0,0,0,0
42,13,0,0,0,1.823295875559433,0,0,0,0,0,0
42,14,0,0,0,1.2255753418833222,0,0,0,0,0,0
42,15,0,0,0,-0.7943932942055136,0,0,0,0,0,0
42,16,0,0,0,1.4345095232927219,0,0,0,0,0,0
42,17,0,0,0,-1.7130103133368788,0,0,0,0,0,0
42,18,0,0,0,-2.206032150814534,0,0,0,0,0,0
42,19,0,0,0,-1.2490712946070186,0,0,0,0,0,0
42,20,0,1,0,0.9649518308665903,0,0,0,0,0,0
42,21,0,1,0,1.0794151011496287,0,0,0,0,0,0
42,22,0,1,0,2.5150464066314004,0,0,0,0,0,0
42,23,0,1,0,1.458526613608158,0,0,0,0,0,0
43,0,0,0,0,-1.3899041052349381,0,0,0,0,0,0
43,1,0,0,0,0.11004616387561938,0,0,0,0,0,0
43,2,0,0,0,0.8188334782372808,0,0,0,0,0,0
43,3,0,0,0,-0.03532456944699208,0,0,0,0,0,0
43,4,0,0,0,-5.97240289718696,0,0,0,0,0,0
43,5,0,0,0,-2.1721770231328406,0,0,0,0,0,0
43,6,0,0,0,-4.139086720982586,0,0,0,0,0,0
43,7,0,0,0,-3.5849003358795555,0,0,0,0,0,0
43,8,0,0,0,2.648884214148332,0,0,0,0,0,0
43,9,0,0,0,-1.1704026435000208,0,0,0,0,0,0
43,10,0,0,0,0.5039451730987339,0,0,0,0,0,0
43,11,0,0,0,-4.52146411868238,0,0,0,0,0,0
43,12,0,0,0,-2.423196782975337,0,0,0,0,0,0
43,13,0,0,0,0.013756464567290738,0,0,0,0,0,0
43,14,0,0,0,-0.002394642330660446,0,0,0,0,0,0
43,15,0,0,0,-0.22716226493375435,0,0,0,0,0,0
43,16,0,0,0,1.0263381411788495,0,0,0,0,0,0
43,17,0,0,0,-6.489624626863831,0,0,0,0,0,0
43,18,0,0,0,-4.320212830455892,0,0,0,0,0,0
43,19,0,0,0,0.8104537414291633,0,0,0,0,0,0
43,20,0,1,0,3.4983445093968504,0,0,0,0,0,0
43,21,0,1,0,-1.7286977426584276,0,0,0,0,0,0
43,22,0,1,0,1.0738516161474665,0,0,0,0,0,0
43,23,0,1,0,-1.9151553742505212,0,0,0,0,0,0
44,0,1,0,0,-8.174448166285217,-20,0,0,0,0,0
44,1,1,0,0,-3.188766478647456,-19,0,0,0,0,0
44,2,1,0,0,-5.057426329503856,-18,0,0,0,0,0
44,3,1,0,0,-0.2554008793330098,-17,0,0,0,0,0
44,4,1,0,0,-6.873919182755137,-16,0,0,0,0,0
44,5,1,0,0,-2.767438419037558,-15,0,0,0,0,0
44,6,1,0,0,-4.342527530693269,-14,0,0,0,0,0
44,7,1,0,0,-6.168438503715644,-13,0,0,0,0,0
44,8,1,0,0,-2.6240865988692423,-12,0,0,0,0,0
44,9,1,0,0,-2.6569119577870928,-11,0,0,0,0,0
44,10,1,0,0,-1.7433958182091653,-10,0,0,0,0,0
44,11,1,0,0,-6.164530807910633,-9,0,0,0,0,0
44,12,1,0,0,-6.479512997457313,-8,0,0,0,0,0
44,13,1,0,0,-5.078898032687788,-7,0,0,0,0,0
44,14,1,0,0,-3.9608842797963186,-6,0,0,0,0,0
44,15,1,0,0,-3.9375633488913975,-5,1,0,0,0,0
44,16,1,0,0,-5.733053843118563,-4,0,1,0,0,0
44,17,1,0,0,-9.516390660741628,-3,0,0,1,0,0
44,18,1,0,0,-6.232721220490415,-2,0,0,0,1,0
44,19,1,0,0,-0.5387379824295135,-1,0,0,0,0,1
44,20,1,1,1,1.7865388698056546,0,0,0,0,0,0
44,21,1,1,1,-3.134571562095518,1,0,0,0,0,0
44,22,1,1,1,-2.458717748710867,2,0,0,0,0,0
44,23,1,1,1,-1.5636960760432794,3,0,0,0,0,0
